timestamp,sender,payload
0.0,limo01,PKT_0
25.0,limo02,PKT_1
50.0,limo01,PKT_2
75.0,limo02,PKT_3
100.0,limo01,PKT_4
125.0,limo02,PKT_5
150.0,limo01,PKT_6
175.0,limo02,PKT_7
200.0,limo01,PKT_8
225.0,limo02,PKT_9
250.0,limo01,PKT_10
275.0,limo02,PKT_11
300.0,limo01,PKT_12
325.0,limo02,PKT_13
350.0,limo01,PKT_14
375.0,limo02,PKT_15
400.0,limo01,PKT_16
425.0,limo02,PKT_17
450.0,limo01,PKT_18
475.0,limo02,PKT_19
500.0,limo01,PKT_20
525.0,limo02,PKT_21
550.0,limo01,PKT_22
575.0,limo02,PKT_23
600.0,limo01,PKT_24
625.0,limo02,PKT_25
650.0,limo01,PKT_26
675.0,limo02,PKT_27
