run,policy,start_timestamp,end_timestamp
101,BACS,0,720000000000
102,BACS+,0,720000000000
103,FIFO,0,720000000000
104,BACS,0,720000000000
105,BACS+,0,720000000000
106,FIFO,0,720000000000
107,BACS,0,720000000000
108,BACS+,0,720000000000
109,FIFO,0,720000000000
110,BACS,0,720000000000
111,BACS+,0,720000000000
112,FIFO,0,720000000000
113,BACS,0,720000000000
114,BACS+,0,720000000000
115,FIFO,0,720000000000
116,BACS,0,720000000000
117,BACS+,0,720000000000
118,FIFO,0,720000000000
119,BACS,0,720000000000
120,BACS+,0,720000000000
121,FIFO,0,720000000000
122,BACS,0,720000000000
123,BACS+,0,720000000000
124,FIFO,0,720000000000
125,BACS,0,720000000000
126,BACS+,0,720000000000
127,FIFO,0,720000000000
128,BACS,0,720000000000
129,BACS+,0,720000000000
130,FIFO,0,720000000000
