relative_path,filename,session,policy,robot,file_type,size_bytes,sha256,validation_status
HWS-002-FIFO/HWS-002-FIFO_20260714_094217_db3/HWS-002-FIFO_20260714_094217_db3.db3,HWS-002-FIFO_20260714_094217_db3.db3,HWS-002-FIFO,FIFO,,db3,1273614336,c3df9aebc022a93f3e7810e7541a01c27051917c9241269a255da5048166fc8c,VALID
HWS-002-FIFO/HWS-002-FIFO_20260714_094217_db3/metadata.yaml,metadata.yaml,HWS-002-FIFO,FIFO,,yaml,1851,7d129683753c9ecebf169c16e781514d06c183318e0bf2d34e9b6f8604dce496,VALID
HWS-002-FIFO/HWS-002-FIFO_20260714_094217_mcap/HWS-002-FIFO_20260714_094217_mcap.mcap,HWS-002-FIFO_20260714_094217_mcap.mcap,HWS-002-FIFO,FIFO,,mcap,1148092225,2536bc2e667d3adc066028bd347b6f45cfbf5406641f8da0a83ce8d42cefbd86,VALID
HWS-002-FIFO/HWS-002-FIFO_20260714_094217_mcap/metadata.yaml,metadata.yaml,HWS-002-FIFO,FIFO,,yaml,1850,d2f1c9eceba2bbcf6667bc221a2fba903c4ee827eab9e0f9894eb50e88dd5155,VALID
HWS-002-FIFO/bacs_scheduler_log_HWS-002-FIFO_FIFO_20260714_094217.csv,bacs_scheduler_log_HWS-002-FIFO_FIFO_20260714_094217.csv,HWS-002-FIFO,FIFO,,csv,483561,8b774f48695bf477b348237871616ae4554a11a496aa3c62b06741c00a1ec34f,VALID
HWS-002-FIFO/vicon_ground_truth_HWS-002-FIFO_limo01_20260714_094217.csv,vicon_ground_truth_HWS-002-FIFO_limo01_20260714_094217.csv,HWS-002-FIFO,FIFO,limo01,csv,76678501,025e14621d1aff5f786a426e8eb822ecd4fd90225b8db1a91a5a93d5952b47ed,VALID
HWS-002-FIFO/vicon_ground_truth_HWS-002-FIFO_limo02_20260714_094217.csv,vicon_ground_truth_HWS-002-FIFO_limo02_20260714_094217.csv,HWS-002-FIFO,FIFO,limo02,csv,76680589,4659678cafec6bd48b5401ed0078ce31a0e04655584c5332edb4e2cd8e810295,VALID
HWS-003-BACS/HWS-003-BACS_20260715_101342_db3/HWS-003-BACS_20260715_101342_db3.db3,HWS-003-BACS_20260715_101342_db3.db3,HWS-003-BACS,BACS,,db3,1273581568,810f59284b1fd7efaa865941ec28f44a933d0ce69625b0090728a175098aa9f6,VALID
HWS-003-BACS/HWS-003-BACS_20260715_101342_db3/metadata.yaml,metadata.yaml,HWS-003-BACS,BACS,,yaml,1851,9c7a05d0d347659f0cf42ab21ab371c37b22a8d73b6ed4f1291d1663ff4ab0ab,VALID
HWS-003-BACS/HWS-003-BACS_20260715_101342_mcap/HWS-003-BACS_20260715_101342_mcap.mcap,HWS-003-BACS_20260715_101342_mcap.mcap,HWS-003-BACS,BACS,,mcap,1148083828,e7f76b5441673a94a07e2bf6b0a67e1cd52d6993a2928f973854f5bc237ee18c,VALID
HWS-003-BACS/HWS-003-BACS_20260715_101342_mcap/metadata.yaml,metadata.yaml,HWS-003-BACS,BACS,,yaml,1850,178c8d0bafd56661399aca8519a5df4f8d8707cfbf97c7bc44efb395de40beb2,VALID
HWS-003-BACS/bacs_scheduler_log_HWS-003-BACS_BACS_20260715_101342.csv,bacs_scheduler_log_HWS-003-BACS_BACS_20260715_101342.csv,HWS-003-BACS,BACS,,csv,476586,830331fb77c8ed68d0ee487bc83a88e220dcf0d01ccaf65ff88472776e49ae07,VALID
HWS-003-BACS/vicon_ground_truth_HWS-003-BACS_limo01_20260715_101342.csv,vicon_ground_truth_HWS-003-BACS_limo01_20260715_101342.csv,HWS-003-BACS,BACS,limo01,csv,76683342,6cd706c376a5e5f75f02cee7dac61234d7d48817da0e73ec23e996b76df78e62,VALID
HWS-003-BACS/vicon_ground_truth_HWS-003-BACS_limo02_20260715_101342.csv,vicon_ground_truth_HWS-003-BACS_limo02_20260715_101342.csv,HWS-003-BACS,BACS,limo02,csv,76676860,a1e3e2dbfcbc125bea19c20dfe044025b40e5736050bc665edd8aa53ed419520,VALID
HWS-005-BACS+/HWS-005-BACS+_20260716_095508_db3/HWS-005-BACS+_20260716_095508_db3.db3,HWS-005-BACS+_20260716_095508_db3.db3,HWS-005-BACS+,BACS+,,db3,1273589760,614d195d35de0f175c6ecc4b036cbddee1eb3241a5c320f062f9ee28a9170d67,VALID
HWS-005-BACS+/HWS-005-BACS+_20260716_095508_db3/metadata.yaml,metadata.yaml,HWS-005-BACS+,BACS+,,yaml,1852,23120ec84407d428d22b24eb039afec25ae5703ac940ebde796ffc30344c1896,VALID
HWS-005-BACS+/HWS-005-BACS+_20260716_095508_mcap/HWS-005-BACS+_20260716_095508_mcap.mcap,HWS-005-BACS+_20260716_095508_mcap.mcap,HWS-005-BACS+,BACS+,,mcap,1148095464,9c74616694e757d2d697c35c92af28dace6568044c6b6b75e5a083efe17ac4ce,VALID
HWS-005-BACS+/HWS-005-BACS+_20260716_095508_mcap/metadata.yaml,metadata.yaml,HWS-005-BACS+,BACS+,,yaml,1851,d68237989e8b3e31c126a9b2a1699022b11d1ebc8c54c31f580c2a9c67ea1bea,VALID
HWS-005-BACS+/bacs_scheduler_log_HWS-005-BACS+_BACS+_20260716_095508.csv,bacs_scheduler_log_HWS-005-BACS+_BACS+_20260716_095508.csv,HWS-005-BACS+,BACS+,,csv,488531,383f6d9f64f1fc6e5708137565620ebf1dca9edf3e557421766a9d3157791a32,VALID
HWS-005-BACS+/vicon_ground_truth_HWS-005-BACS+_limo01_20260716_095508.csv,vicon_ground_truth_HWS-005-BACS+_limo01_20260716_095508.csv,HWS-005-BACS+,BACS+,limo01,csv,76684472,a8ee0aca92834ce20f3ea2f6dcc3715bee95157b61cd0c812b601293442c8a85,VALID
HWS-005-BACS+/vicon_ground_truth_HWS-005-BACS+_limo02_20260716_095508.csv,vicon_ground_truth_HWS-005-BACS+_limo02_20260716_095508.csv,HWS-005-BACS+,BACS+,limo02,csv,76687340,0925672e1c22e71c0da0b93708e929823d2d737f2f307af6ce93e5f2cb0dc006,VALID
HWS-101-FIFO/fused_HWS-101-FIFO.csv,fused_HWS-101-FIFO.csv,HWS-101-FIFO,FIFO,,csv,1323977,b053dcfac64ceb91c60ac172b2cc6cfbadc6bb07e09401af22077e957befc4d3,VALID
HWS-101-FIFO/logs/candidates_limo01.csv,candidates_limo01.csv,HWS-101-FIFO,FIFO,limo01,csv,89014,92d1711555065fa1ec99bc52907b323d6ef65b12de3d7e5f43879efae111048c,VALID
HWS-101-FIFO/logs/candidates_limo02.csv,candidates_limo02.csv,HWS-101-FIFO,FIFO,limo02,csv,89019,2b4c45ac60d7e0c6bab3e328916b51fe0156bb99cb27703adfe52c967b308f92,VALID
HWS-101-FIFO/logs/clock_limo01_end.txt,clock_limo01_end.txt,HWS-101-FIFO,FIFO,limo01,txt,18,9ca9a3b0c9a6a431207abb2e9ae512fbed0a4cd13b160c6ee9c4977f23e6cbce,VALID
HWS-101-FIFO/logs/clock_limo01_start.txt,clock_limo01_start.txt,HWS-101-FIFO,FIFO,limo01,txt,18,c5bf4f079333f7be9716a5c4e208a438b2ccb3e7e1d458ce7baf3cba22f6e983,VALID
HWS-101-FIFO/logs/clock_limo02_end.txt,clock_limo02_end.txt,HWS-101-FIFO,FIFO,limo02,txt,19,d75d518c9cb6494188e481721b07dfb3ca01081f083c00acfe9a17938578288b,VALID
HWS-101-FIFO/logs/clock_limo02_start.txt,clock_limo02_start.txt,HWS-101-FIFO,FIFO,limo02,txt,18,e4c0fe35434ef283c1126507bd1dcf5c2bbddf8735ca0fd4b9c178d5e72aa1e4,VALID
HWS-101-FIFO/logs/received_server.csv,received_server.csv,HWS-101-FIFO,FIFO,,csv,599,38336a957e62a2475476028e0332356a74a2b4de240d5cb7ee32615e0aab1517,VALID
HWS-101-FIFO/logs/serial_limo01.csv,serial_limo01.csv,HWS-101-FIFO,FIFO,limo01,csv,361,406aeb364c24dabad415cc1aad11fbcee846504721a5a44a4454b79aa318a2ae,VALID
HWS-101-FIFO/logs/serial_limo02.csv,serial_limo02.csv,HWS-101-FIFO,FIFO,limo02,csv,361,406aeb364c24dabad415cc1aad11fbcee846504721a5a44a4454b79aa318a2ae,VALID
HWS-101-FIFO/logs/serial_server.csv,serial_server.csv,HWS-101-FIFO,FIFO,,csv,695,5dae40fc3ca28ebf67517c0c1ec60a857a0021be7378acf70a295a0206006ff0,VALID
HWS-102-BACS/fused_HWS-102-BACS.csv,fused_HWS-102-BACS.csv,HWS-102-BACS,BACS,,csv,1326859,6867fe1d49284574f7f995114ee91dfdce05eeb1260076eda260b8c75374a60f,VALID
HWS-102-BACS/logs/candidates_limo01.csv,candidates_limo01.csv,HWS-102-BACS,BACS,limo01,csv,89012,612a9ff4fdfb0adac6a506cef99c740042404a6946eabffdd4743df9a450c49e,VALID
HWS-102-BACS/logs/candidates_limo02.csv,candidates_limo02.csv,HWS-102-BACS,BACS,limo02,csv,89018,c8bfad7c5ea224dde92e1957164fe13909384bb282e9cae5798e804fcdd5da47,VALID
HWS-102-BACS/logs/clock_limo01_end.txt,clock_limo01_end.txt,HWS-102-BACS,BACS,limo01,txt,19,f5ea84f57a8e55099b1939236e2136ad90cb432ffd5bf741c675e43dfde06f58,VALID
HWS-102-BACS/logs/clock_limo01_start.txt,clock_limo01_start.txt,HWS-102-BACS,BACS,limo01,txt,18,e3e0ec81b835ee74b5e114ae429505ca2b44d5f3896e47e427a9cfe50678187d,VALID
HWS-102-BACS/logs/clock_limo02_end.txt,clock_limo02_end.txt,HWS-102-BACS,BACS,limo02,txt,18,62d08694a5cf584c98aa3e9c61864bc3a82079c9700d096b0ebd6839043e7074,VALID
HWS-102-BACS/logs/clock_limo02_start.txt,clock_limo02_start.txt,HWS-102-BACS,BACS,limo02,txt,18,bb0973f3fc9b820196cccc79fb2be07bd1468a5e6a9a2e52aac33b3f5742cf65,VALID
HWS-102-BACS/logs/received_server.csv,received_server.csv,HWS-102-BACS,BACS,,csv,599,38336a957e62a2475476028e0332356a74a2b4de240d5cb7ee32615e0aab1517,VALID
HWS-102-BACS/logs/serial_limo01.csv,serial_limo01.csv,HWS-102-BACS,BACS,limo01,csv,361,406aeb364c24dabad415cc1aad11fbcee846504721a5a44a4454b79aa318a2ae,VALID
HWS-102-BACS/logs/serial_limo02.csv,serial_limo02.csv,HWS-102-BACS,BACS,limo02,csv,361,406aeb364c24dabad415cc1aad11fbcee846504721a5a44a4454b79aa318a2ae,VALID
HWS-102-BACS/logs/serial_server.csv,serial_server.csv,HWS-102-BACS,BACS,,csv,695,5dae40fc3ca28ebf67517c0c1ec60a857a0021be7378acf70a295a0206006ff0,VALID
HWS-103-BACSPLUS/fused_HWS-103-BACSPLUS.csv,fused_HWS-103-BACSPLUS.csv,support,,,csv,1384444,28e85f123d79acf75a7c661889e28b3db645e21663ceef43bd75857e5c3fec5e,VALID
HWS-103-BACSPLUS/logs/candidates_limo01.csv,candidates_limo01.csv,support,,limo01,csv,89015,49993bcefcad115d41caffacf92a6b6c28cdb069346fe624d7c57581c3f6fd41,VALID
HWS-103-BACSPLUS/logs/candidates_limo02.csv,candidates_limo02.csv,support,,limo02,csv,89012,3ded38a23baa63fe133f5624e9004fc8c5e1ff58b8c2810fe6b189d4238d0135,VALID
HWS-103-BACSPLUS/logs/clock_limo01_end.txt,clock_limo01_end.txt,support,,limo01,txt,19,3a33a20ea332512cedcf6632483b979b8c869c0422883d27db04014ab2a77ba9,VALID
HWS-103-BACSPLUS/logs/clock_limo01_start.txt,clock_limo01_start.txt,support,,limo01,txt,18,3aac69faab08bafc540716ab8b089e8872ac42d2512baaebd5751931e22248f6,VALID
HWS-103-BACSPLUS/logs/clock_limo02_end.txt,clock_limo02_end.txt,support,,limo02,txt,18,15c517d75a6429580f288dbe1c3184f30d51c35fc2809a91940c90ad485a1e4f,VALID
HWS-103-BACSPLUS/logs/clock_limo02_start.txt,clock_limo02_start.txt,support,,limo02,txt,19,e55818d291d6e552e26bfe4110a0839cbcc5dbde7a5a27c23134f2f3f05cd235,VALID
HWS-103-BACSPLUS/logs/received_server.csv,received_server.csv,support,,,csv,599,38336a957e62a2475476028e0332356a74a2b4de240d5cb7ee32615e0aab1517,VALID
HWS-103-BACSPLUS/logs/serial_limo01.csv,serial_limo01.csv,support,,limo01,csv,361,406aeb364c24dabad415cc1aad11fbcee846504721a5a44a4454b79aa318a2ae,VALID
HWS-103-BACSPLUS/logs/serial_limo02.csv,serial_limo02.csv,support,,limo02,csv,361,406aeb364c24dabad415cc1aad11fbcee846504721a5a44a4454b79aa318a2ae,VALID
HWS-103-BACSPLUS/logs/serial_server.csv,serial_server.csv,support,,,csv,695,5dae40fc3ca28ebf67517c0c1ec60a857a0021be7378acf70a295a0206006ff0,VALID
HWS-104-FIFO/fused_HWS-104-FIFO.csv,fused_HWS-104-FIFO.csv,HWS-104-FIFO,FIFO,,csv,1323934,5235b45f6689a51cbe067431df9af4ae4a615f70545b7b3ef1f186c9825f4744,VALID
HWS-104-FIFO/logs/candidates_limo01.csv,candidates_limo01.csv,HWS-104-FIFO,FIFO,limo01,csv,89018,380abb9c93511d5c292d9509a8080eca3e2be9dab567fb8ed877068e9ea9b44e,VALID
HWS-104-FIFO/logs/candidates_limo02.csv,candidates_limo02.csv,HWS-104-FIFO,FIFO,limo02,csv,89010,42be4684c8dbd661bfe17743b2140c293da6e8c8b774802732405b21492e0bde,VALID
HWS-104-FIFO/logs/clock_limo01_end.txt,clock_limo01_end.txt,HWS-104-FIFO,FIFO,limo01,txt,18,7dda7f8c8b7a35a5bb291a70796d58a617648caa387ce32868d9a45e21afd790,VALID
HWS-104-FIFO/logs/clock_limo01_start.txt,clock_limo01_start.txt,HWS-104-FIFO,FIFO,limo01,txt,19,46859faa04bfa4c56016d1f5671ae2930303875a048963ade90c03615c5e0bb9,VALID
HWS-104-FIFO/logs/clock_limo02_end.txt,clock_limo02_end.txt,HWS-104-FIFO,FIFO,limo02,txt,19,c2aeb257e3086df0cf290ebc7ee7db52b56386a8ebb734886df407a3847d69fc,VALID
HWS-104-FIFO/logs/clock_limo02_start.txt,clock_limo02_start.txt,HWS-104-FIFO,FIFO,limo02,txt,19,aa6190eaf43cc32a7d5ee07b3d860334712cd88ced3e41a09cbbc5aa9be2c4ed,VALID
HWS-104-FIFO/logs/received_server.csv,received_server.csv,HWS-104-FIFO,FIFO,,csv,599,38336a957e62a2475476028e0332356a74a2b4de240d5cb7ee32615e0aab1517,VALID
HWS-104-FIFO/logs/serial_limo01.csv,serial_limo01.csv,HWS-104-FIFO,FIFO,limo01,csv,361,406aeb364c24dabad415cc1aad11fbcee846504721a5a44a4454b79aa318a2ae,VALID
HWS-104-FIFO/logs/serial_limo02.csv,serial_limo02.csv,HWS-104-FIFO,FIFO,limo02,csv,361,406aeb364c24dabad415cc1aad11fbcee846504721a5a44a4454b79aa318a2ae,VALID
HWS-104-FIFO/logs/serial_server.csv,serial_server.csv,HWS-104-FIFO,FIFO,,csv,695,5dae40fc3ca28ebf67517c0c1ec60a857a0021be7378acf70a295a0206006ff0,VALID
HWS-105-BACS/fused_HWS-105-BACS.csv,fused_HWS-105-BACS.csv,HWS-105-BACS,BACS,,csv,1326643,f2703308a9f0d48b11b36fc7026719e157b9f20af642a0df6ea47ea947d1322c,VALID
HWS-105-BACS/logs/candidates_limo01.csv,candidates_limo01.csv,HWS-105-BACS,BACS,limo01,csv,89008,bdf9f07e6559e61e41a1c37bd39f1188efb1044b8ca7f57363b123560fded477,VALID
HWS-105-BACS/logs/candidates_limo02.csv,candidates_limo02.csv,HWS-105-BACS,BACS,limo02,csv,89013,76dc04b645e2d1826c2ec3c9e7c60aa80e7e3b4f4a571bb8851dadcbffcbcc6d,VALID
HWS-105-BACS/logs/clock_limo01_end.txt,clock_limo01_end.txt,HWS-105-BACS,BACS,limo01,txt,18,525f9569e073e2e0c95046ec8df3f99c2d4599d3104a752869829dce5eaa3207,VALID
HWS-105-BACS/logs/clock_limo01_start.txt,clock_limo01_start.txt,HWS-105-BACS,BACS,limo01,txt,18,e68d09da3a29533ab55ceca325b40aad96ba8b00f03d121eb1255bb27d4b1f16,VALID
HWS-105-BACS/logs/clock_limo02_end.txt,clock_limo02_end.txt,HWS-105-BACS,BACS,limo02,txt,18,6002c67171abc1a2a5fcfe247f280b792f82fd17de60857f6e8a07c93cae507b,VALID
HWS-105-BACS/logs/clock_limo02_start.txt,clock_limo02_start.txt,HWS-105-BACS,BACS,limo02,txt,18,00b7994e555576b17411164b4f21d232dc6ab1f88f3efef13a5f0f66ac0d5bf3,VALID
HWS-105-BACS/logs/received_server.csv,received_server.csv,HWS-105-BACS,BACS,,csv,599,38336a957e62a2475476028e0332356a74a2b4de240d5cb7ee32615e0aab1517,VALID
HWS-105-BACS/logs/serial_limo01.csv,serial_limo01.csv,HWS-105-BACS,BACS,limo01,csv,361,406aeb364c24dabad415cc1aad11fbcee846504721a5a44a4454b79aa318a2ae,VALID
HWS-105-BACS/logs/serial_limo02.csv,serial_limo02.csv,HWS-105-BACS,BACS,limo02,csv,361,406aeb364c24dabad415cc1aad11fbcee846504721a5a44a4454b79aa318a2ae,VALID
HWS-105-BACS/logs/serial_server.csv,serial_server.csv,HWS-105-BACS,BACS,,csv,695,5dae40fc3ca28ebf67517c0c1ec60a857a0021be7378acf70a295a0206006ff0,VALID
HWS-106-BACSPLUS/fused_HWS-106-BACSPLUS.csv,fused_HWS-106-BACSPLUS.csv,support,,,csv,1384628,7de97513440305daab614d073cfbefde3f31d58e393d179e1bbb2445632b3b9a,VALID
HWS-106-BACSPLUS/logs/candidates_limo01.csv,candidates_limo01.csv,support,,limo01,csv,89013,892b1a1182ea1812520465b063d905250f8e8c0351a1b4a864c619eeb05e68c8,VALID
HWS-106-BACSPLUS/logs/candidates_limo02.csv,candidates_limo02.csv,support,,limo02,csv,89012,cca94922223b56840341e57288665b95d88897bdbcd206c339dd37491b46f40c,VALID
HWS-106-BACSPLUS/logs/clock_limo01_end.txt,clock_limo01_end.txt,support,,limo01,txt,18,afd37cc1eb6b4f6ea90c460fe0477774eea511c779fa0a420bd01d4dfa50bc85,VALID
HWS-106-BACSPLUS/logs/clock_limo01_start.txt,clock_limo01_start.txt,support,,limo01,txt,18,861f310d4cc0e21ae654ae14bbfa8daa7a83c7d25ca605e0427b39530ab103ae,VALID
HWS-106-BACSPLUS/logs/clock_limo02_end.txt,clock_limo02_end.txt,support,,limo02,txt,19,7575898fab69f76e1adba9e3d9ffdb4bb8cccb6e53a311bf79a124bfc8eede2f,VALID
HWS-106-BACSPLUS/logs/clock_limo02_start.txt,clock_limo02_start.txt,support,,limo02,txt,19,61529c1ee7ee1198e8fb382d987dcd2e64643e6b8436a5d50c71e4bd2e1aa2e3,VALID
HWS-106-BACSPLUS/logs/received_server.csv,received_server.csv,support,,,csv,599,38336a957e62a2475476028e0332356a74a2b4de240d5cb7ee32615e0aab1517,VALID
HWS-106-BACSPLUS/logs/serial_limo01.csv,serial_limo01.csv,support,,limo01,csv,361,406aeb364c24dabad415cc1aad11fbcee846504721a5a44a4454b79aa318a2ae,VALID
HWS-106-BACSPLUS/logs/serial_limo02.csv,serial_limo02.csv,support,,limo02,csv,361,406aeb364c24dabad415cc1aad11fbcee846504721a5a44a4454b79aa318a2ae,VALID
HWS-106-BACSPLUS/logs/serial_server.csv,serial_server.csv,support,,,csv,695,5dae40fc3ca28ebf67517c0c1ec60a857a0021be7378acf70a295a0206006ff0,VALID
HWS-107-FIFO/fused_HWS-107-FIFO.csv,fused_HWS-107-FIFO.csv,HWS-107-FIFO,FIFO,,csv,1324119,0f13a1d1c78e5f5ef38b7f4a15238390db16b64b0645c35d5b8465c15dadecf4,VALID
HWS-107-FIFO/logs/candidates_limo01.csv,candidates_limo01.csv,HWS-107-FIFO,FIFO,limo01,csv,89011,af2bbf7b078e1a92c74b7ca73012ed6795dd4fcd6e44c28dcbab6f02b1f9fe57,VALID
HWS-107-FIFO/logs/candidates_limo02.csv,candidates_limo02.csv,HWS-107-FIFO,FIFO,limo02,csv,89021,b60fa5d62bed8cc0c9a5396262b451a30ad91510e964c98d4277c795d0f747db,VALID
HWS-107-FIFO/logs/clock_limo01_end.txt,clock_limo01_end.txt,HWS-107-FIFO,FIFO,limo01,txt,18,9f26eef5d47d4b366028ce46deceb3f5a8980b50332fe607c1d0687224d2c777,VALID
HWS-107-FIFO/logs/clock_limo01_start.txt,clock_limo01_start.txt,HWS-107-FIFO,FIFO,limo01,txt,16,ba24fb14e0215909813c7423b06d237b3662fbb071aff1fa2ec55dfa1cee1884,VALID
HWS-107-FIFO/logs/clock_limo02_end.txt,clock_limo02_end.txt,HWS-107-FIFO,FIFO,limo02,txt,18,8f265110610ae750e2c06067955282637726bfd45b8b92c8d93e227f06242adc,VALID
HWS-107-FIFO/logs/clock_limo02_start.txt,clock_limo02_start.txt,HWS-107-FIFO,FIFO,limo02,txt,18,021d2f31e4a9be4ab77bb3d9a8de6cfeacf59382bf31841d5eed3cab4ef2746b,VALID
HWS-107-FIFO/logs/received_server.csv,received_server.csv,HWS-107-FIFO,FIFO,,csv,599,38336a957e62a2475476028e0332356a74a2b4de240d5cb7ee32615e0aab1517,VALID
HWS-107-FIFO/logs/serial_limo01.csv,serial_limo01.csv,HWS-107-FIFO,FIFO,limo01,csv,361,406aeb364c24dabad415cc1aad11fbcee846504721a5a44a4454b79aa318a2ae,VALID
HWS-107-FIFO/logs/serial_limo02.csv,serial_limo02.csv,HWS-107-FIFO,FIFO,limo02,csv,361,406aeb364c24dabad415cc1aad11fbcee846504721a5a44a4454b79aa318a2ae,VALID
HWS-107-FIFO/logs/serial_server.csv,serial_server.csv,HWS-107-FIFO,FIFO,,csv,695,5dae40fc3ca28ebf67517c0c1ec60a857a0021be7378acf70a295a0206006ff0,VALID
HWS-108-BACS/fused_HWS-108-BACS.csv,fused_HWS-108-BACS.csv,HWS-108-BACS,BACS,,csv,1326934,50b1b14e56ca75ab74fc3681ae490979d7d4d903bb97d07d573732830e396e44,VALID
HWS-108-BACS/logs/candidates_limo01.csv,candidates_limo01.csv,HWS-108-BACS,BACS,limo01,csv,89008,9cf733376f99593161e426117d28dc9333bd4b460d7a521c407c9780db32e8f1,VALID
HWS-108-BACS/logs/candidates_limo02.csv,candidates_limo02.csv,HWS-108-BACS,BACS,limo02,csv,89017,d87729e21d342a2de9d016bf289e4f5519fa93ef2941955c1e3f1057ac0fb84e,VALID
HWS-108-BACS/logs/clock_limo01_end.txt,clock_limo01_end.txt,HWS-108-BACS,BACS,limo01,txt,18,f70ad07c017e3d8ad5a5bd020aa22326eadf9aa45c0969dcfa8e14c9ec8ac9e5,VALID
HWS-108-BACS/logs/clock_limo01_start.txt,clock_limo01_start.txt,HWS-108-BACS,BACS,limo01,txt,18,1e848bb071654691ec09bc4fa8b1bab476f7b6290727421e44f79f20b0e2f7ad,VALID
HWS-108-BACS/logs/clock_limo02_end.txt,clock_limo02_end.txt,HWS-108-BACS,BACS,limo02,txt,18,0f3c8b6c0f11b2aef12a1b1f0bdf82a4e6c8adec2b03719bc17a7c8d54302b65,VALID
HWS-108-BACS/logs/clock_limo02_start.txt,clock_limo02_start.txt,HWS-108-BACS,BACS,limo02,txt,18,c0ec47632e832a1f16e9b0a28e4a3baa3d6e31311acf8c5d20744f5915cb4a88,VALID
HWS-108-BACS/logs/received_server.csv,received_server.csv,HWS-108-BACS,BACS,,csv,599,38336a957e62a2475476028e0332356a74a2b4de240d5cb7ee32615e0aab1517,VALID
HWS-108-BACS/logs/serial_limo01.csv,serial_limo01.csv,HWS-108-BACS,BACS,limo01,csv,361,406aeb364c24dabad415cc1aad11fbcee846504721a5a44a4454b79aa318a2ae,VALID
HWS-108-BACS/logs/serial_limo02.csv,serial_limo02.csv,HWS-108-BACS,BACS,limo02,csv,361,406aeb364c24dabad415cc1aad11fbcee846504721a5a44a4454b79aa318a2ae,VALID
HWS-108-BACS/logs/serial_server.csv,serial_server.csv,HWS-108-BACS,BACS,,csv,695,5dae40fc3ca28ebf67517c0c1ec60a857a0021be7378acf70a295a0206006ff0,VALID
HWS-109-BACSPLUS/fused_HWS-109-BACSPLUS.csv,fused_HWS-109-BACSPLUS.csv,support,,,csv,1384626,aca49a845ccf54935e62e58b8aa56eb95e38f8325640bd587959669f1544b3cd,VALID
HWS-109-BACSPLUS/logs/candidates_limo01.csv,candidates_limo01.csv,support,,limo01,csv,89012,861408b787231f39da9053767f577acf27ce6e5fcdaede848c86ab6ef408c88e,VALID
HWS-109-BACSPLUS/logs/candidates_limo02.csv,candidates_limo02.csv,support,,limo02,csv,89009,7888f8d81434ca20499e7a8a4e695f6fe93ec7c10129c0aeb7d23fd7f84cf8d5,VALID
HWS-109-BACSPLUS/logs/clock_limo01_end.txt,clock_limo01_end.txt,support,,limo01,txt,18,e6d38c9218f51dfc218882055717340b5e029c792543e375e1a533cd5727536d,VALID
HWS-109-BACSPLUS/logs/clock_limo01_start.txt,clock_limo01_start.txt,support,,limo01,txt,19,5d8a484a94a27cea01d48c72c777876b868bdcfed7ca9456eee8abbee4b9a367,VALID
HWS-109-BACSPLUS/logs/clock_limo02_end.txt,clock_limo02_end.txt,support,,limo02,txt,18,d63b0919e8f01865c7a45bba06e17b3e591f985a85fc98a8d80c2bc94d64ab42,VALID
HWS-109-BACSPLUS/logs/clock_limo02_start.txt,clock_limo02_start.txt,support,,limo02,txt,17,5829de6b883f791e64f84e7e61a9c02e9087975f9242e2e9daf2db1af4c33fab,VALID
HWS-109-BACSPLUS/logs/received_server.csv,received_server.csv,support,,,csv,599,38336a957e62a2475476028e0332356a74a2b4de240d5cb7ee32615e0aab1517,VALID
HWS-109-BACSPLUS/logs/serial_limo01.csv,serial_limo01.csv,support,,limo01,csv,361,406aeb364c24dabad415cc1aad11fbcee846504721a5a44a4454b79aa318a2ae,VALID
HWS-109-BACSPLUS/logs/serial_limo02.csv,serial_limo02.csv,support,,limo02,csv,361,406aeb364c24dabad415cc1aad11fbcee846504721a5a44a4454b79aa318a2ae,VALID
HWS-109-BACSPLUS/logs/serial_server.csv,serial_server.csv,support,,,csv,695,5dae40fc3ca28ebf67517c0c1ec60a857a0021be7378acf70a295a0206006ff0,VALID
HWS-110-FIFO/fused_HWS-110-FIFO.csv,fused_HWS-110-FIFO.csv,HWS-110-FIFO,FIFO,,csv,1324245,933bfde9e7f43d85f5f87b5d35299c88b62bd6a3a52b2c66fb373a7cb393c3c8,VALID
HWS-110-FIFO/logs/candidates_limo01.csv,candidates_limo01.csv,HWS-110-FIFO,FIFO,limo01,csv,89009,6bde7ef81b43b1c21d75dea3476a2e49d8bee7f60154e23336719b01e4943eee,VALID
HWS-110-FIFO/logs/candidates_limo02.csv,candidates_limo02.csv,HWS-110-FIFO,FIFO,limo02,csv,89014,56f02ae32480c9b72347c53c7295abe6114dcd989cc22da83b90d96a3dcc1041,VALID
HWS-110-FIFO/logs/clock_limo01_end.txt,clock_limo01_end.txt,HWS-110-FIFO,FIFO,limo01,txt,18,3372b209531a06c5d4b55cb34edcb6dfd5b24c76f9ac9d72d60e1795bead2db2,VALID
HWS-110-FIFO/logs/clock_limo01_start.txt,clock_limo01_start.txt,HWS-110-FIFO,FIFO,limo01,txt,19,3b09836f962a74681312f49b32661822c5db5b87e2e6bf8877992edde9fde11d,VALID
HWS-110-FIFO/logs/clock_limo02_end.txt,clock_limo02_end.txt,HWS-110-FIFO,FIFO,limo02,txt,18,1bd05b08e5be7b4711670c6176bebda3c97752e45514185f314194ed8474174a,VALID
HWS-110-FIFO/logs/clock_limo02_start.txt,clock_limo02_start.txt,HWS-110-FIFO,FIFO,limo02,txt,18,5244037add88f1f07b0d53b863fce5863cc2af2b47b02e6b31b3f13bf8a237a4,VALID
HWS-110-FIFO/logs/received_server.csv,received_server.csv,HWS-110-FIFO,FIFO,,csv,599,38336a957e62a2475476028e0332356a74a2b4de240d5cb7ee32615e0aab1517,VALID
HWS-110-FIFO/logs/serial_limo01.csv,serial_limo01.csv,HWS-110-FIFO,FIFO,limo01,csv,361,406aeb364c24dabad415cc1aad11fbcee846504721a5a44a4454b79aa318a2ae,VALID
HWS-110-FIFO/logs/serial_limo02.csv,serial_limo02.csv,HWS-110-FIFO,FIFO,limo02,csv,361,406aeb364c24dabad415cc1aad11fbcee846504721a5a44a4454b79aa318a2ae,VALID
HWS-110-FIFO/logs/serial_server.csv,serial_server.csv,HWS-110-FIFO,FIFO,,csv,695,5dae40fc3ca28ebf67517c0c1ec60a857a0021be7378acf70a295a0206006ff0,VALID
HWS-111-BACS/fused_HWS-111-BACS.csv,fused_HWS-111-BACS.csv,HWS-111-BACS,BACS,,csv,1326760,59dadce1b67f07a36ad4433e769c0b6827fa5a8d7e08ee402d2101fc2dc0dd3b,VALID
HWS-111-BACS/logs/candidates_limo01.csv,candidates_limo01.csv,HWS-111-BACS,BACS,limo01,csv,89006,8b519544a1b9beefa2c4fe6fdb57236ced82226dddf1eba974b4a2f7aeeb606a,VALID
HWS-111-BACS/logs/candidates_limo02.csv,candidates_limo02.csv,HWS-111-BACS,BACS,limo02,csv,89013,d04706461b4c5fdabc1dc2a42fa2bd0621757186b018e5fa6ed825b1c317f17c,VALID
HWS-111-BACS/logs/clock_limo01_end.txt,clock_limo01_end.txt,HWS-111-BACS,BACS,limo01,txt,18,593c55a3729707f449741e3ba892418f3dd98883edef55313b4e086bc53cf013,VALID
HWS-111-BACS/logs/clock_limo01_start.txt,clock_limo01_start.txt,HWS-111-BACS,BACS,limo01,txt,18,e4667cf505fdab3fb438d066aa4ad265e7f3a2009063c57f8b37cf9b820751eb,VALID
HWS-111-BACS/logs/clock_limo02_end.txt,clock_limo02_end.txt,HWS-111-BACS,BACS,limo02,txt,18,acf3fdebcddda08e8e62cff580bd45ceac16cbfb3c9c0f75e6dfc4787b0f5cd3,VALID
HWS-111-BACS/logs/clock_limo02_start.txt,clock_limo02_start.txt,HWS-111-BACS,BACS,limo02,txt,18,b3d6ca687fcd57511322351195b6fbf230de0c90838d2f7bbf1a7004dee8c185,VALID
HWS-111-BACS/logs/received_server.csv,received_server.csv,HWS-111-BACS,BACS,,csv,599,38336a957e62a2475476028e0332356a74a2b4de240d5cb7ee32615e0aab1517,VALID
HWS-111-BACS/logs/serial_limo01.csv,serial_limo01.csv,HWS-111-BACS,BACS,limo01,csv,361,406aeb364c24dabad415cc1aad11fbcee846504721a5a44a4454b79aa318a2ae,VALID
HWS-111-BACS/logs/serial_limo02.csv,serial_limo02.csv,HWS-111-BACS,BACS,limo02,csv,361,406aeb364c24dabad415cc1aad11fbcee846504721a5a44a4454b79aa318a2ae,VALID
HWS-111-BACS/logs/serial_server.csv,serial_server.csv,HWS-111-BACS,BACS,,csv,695,5dae40fc3ca28ebf67517c0c1ec60a857a0021be7378acf70a295a0206006ff0,VALID
HWS-112-BACSPLUS/fused_HWS-112-BACSPLUS.csv,fused_HWS-112-BACSPLUS.csv,support,,,csv,1384603,d3388e4934e1fab60c6f19a9c6c6c1c11e6e4d75ca168c8d80c772d4eeea1736,VALID
HWS-112-BACSPLUS/logs/candidates_limo01.csv,candidates_limo01.csv,support,,limo01,csv,89007,a5865446cbf897884b34e80c61a63187d93e0fb10f6ab3614032b75653e468a6,VALID
HWS-112-BACSPLUS/logs/candidates_limo02.csv,candidates_limo02.csv,support,,limo02,csv,89020,853c0a73e7ff63365e4ba84a2f842f4936c2efe38bd670cc2312b1e2f46f4c13,VALID
HWS-112-BACSPLUS/logs/clock_limo01_end.txt,clock_limo01_end.txt,support,,limo01,txt,19,bf722b78b0e7e7daef28c373df28e04532631a1504bf3dd05a9f46aad63060c3,VALID
HWS-112-BACSPLUS/logs/clock_limo01_start.txt,clock_limo01_start.txt,support,,limo01,txt,19,a40363b778b2c73c6286ee673b2a6c6d340889949d47ba35afe18e16187fe679,VALID
HWS-112-BACSPLUS/logs/clock_limo02_end.txt,clock_limo02_end.txt,support,,limo02,txt,19,4e2ea31c8fe1d4f726c70226b2d514dbe12c97ba41cbfd6de9318e5bcf3c3450,VALID
HWS-112-BACSPLUS/logs/clock_limo02_start.txt,clock_limo02_start.txt,support,,limo02,txt,19,79d60411a4892897f425c9108756752cecd37e3128598a8e0618e03d08304c84,VALID
HWS-112-BACSPLUS/logs/received_server.csv,received_server.csv,support,,,csv,599,38336a957e62a2475476028e0332356a74a2b4de240d5cb7ee32615e0aab1517,VALID
HWS-112-BACSPLUS/logs/serial_limo01.csv,serial_limo01.csv,support,,limo01,csv,361,406aeb364c24dabad415cc1aad11fbcee846504721a5a44a4454b79aa318a2ae,VALID
HWS-112-BACSPLUS/logs/serial_limo02.csv,serial_limo02.csv,support,,limo02,csv,361,406aeb364c24dabad415cc1aad11fbcee846504721a5a44a4454b79aa318a2ae,VALID
HWS-112-BACSPLUS/logs/serial_server.csv,serial_server.csv,support,,,csv,695,5dae40fc3ca28ebf67517c0c1ec60a857a0021be7378acf70a295a0206006ff0,VALID
HWS-113-FIFO/fused_HWS-113-FIFO.csv,fused_HWS-113-FIFO.csv,HWS-113-FIFO,FIFO,,csv,1324208,8b4aad9865b3096ed7b24d8d6a1a11c3148326d0cedb61468f7d02c38a55f8e7,VALID
HWS-113-FIFO/logs/candidates_limo01.csv,candidates_limo01.csv,HWS-113-FIFO,FIFO,limo01,csv,89016,00c0bf07eb28b794e50e3a767aa554b2dd54fb02539218167b458fa49d525e9d,VALID
HWS-113-FIFO/logs/candidates_limo02.csv,candidates_limo02.csv,HWS-113-FIFO,FIFO,limo02,csv,89016,dbe1c2d2871fea6297db24313e83d5985821b86f9dbc8f49f29c404db9f69d75,VALID
HWS-113-FIFO/logs/clock_limo01_end.txt,clock_limo01_end.txt,HWS-113-FIFO,FIFO,limo01,txt,19,8f482674906cd0695123aa61ee606def5affe976f77ec72eeb17b75c2a3a579b,VALID
HWS-113-FIFO/logs/clock_limo01_start.txt,clock_limo01_start.txt,HWS-113-FIFO,FIFO,limo01,txt,18,cfb641a8b5ace13558560ae9a7c13004749428af79a9df7587c8421a98cf961e,VALID
HWS-113-FIFO/logs/clock_limo02_end.txt,clock_limo02_end.txt,HWS-113-FIFO,FIFO,limo02,txt,18,47f96befa19c7431968e5f917d5239e55f8fff5676d8d1d438ce12961e62f538,VALID
HWS-113-FIFO/logs/clock_limo02_start.txt,clock_limo02_start.txt,HWS-113-FIFO,FIFO,limo02,txt,19,6cea646dea040f949cb8f7a8c2795a3300b1ae1205b8bd955e8f6750606b328e,VALID
HWS-113-FIFO/logs/received_server.csv,received_server.csv,HWS-113-FIFO,FIFO,,csv,599,38336a957e62a2475476028e0332356a74a2b4de240d5cb7ee32615e0aab1517,VALID
HWS-113-FIFO/logs/serial_limo01.csv,serial_limo01.csv,HWS-113-FIFO,FIFO,limo01,csv,361,406aeb364c24dabad415cc1aad11fbcee846504721a5a44a4454b79aa318a2ae,VALID
HWS-113-FIFO/logs/serial_limo02.csv,serial_limo02.csv,HWS-113-FIFO,FIFO,limo02,csv,361,406aeb364c24dabad415cc1aad11fbcee846504721a5a44a4454b79aa318a2ae,VALID
HWS-113-FIFO/logs/serial_server.csv,serial_server.csv,HWS-113-FIFO,FIFO,,csv,695,5dae40fc3ca28ebf67517c0c1ec60a857a0021be7378acf70a295a0206006ff0,VALID
HWS-114-BACS/fused_HWS-114-BACS.csv,fused_HWS-114-BACS.csv,HWS-114-BACS,BACS,,csv,1326876,5a3ac742734a70617614ae442e9403f4cb122880fca32cc8f763d811fb723094,VALID
HWS-114-BACS/logs/candidates_limo01.csv,candidates_limo01.csv,HWS-114-BACS,BACS,limo01,csv,89006,6b54f34c3cca6c45c263352ab4736973bb2e75e9424bb8acc0c26c5008a0bc0f,VALID
HWS-114-BACS/logs/candidates_limo02.csv,candidates_limo02.csv,HWS-114-BACS,BACS,limo02,csv,89015,77ceba32f1e9ad15c20934b0d5dd1e2caa30b2f0db8686b2208e088cc5da0ea8,VALID
HWS-114-BACS/logs/clock_limo01_end.txt,clock_limo01_end.txt,HWS-114-BACS,BACS,limo01,txt,18,3e0e17cd9758d348fed4f71a29b04b8dbc27eacf73d9658e9fe03bd7542a5b03,VALID
HWS-114-BACS/logs/clock_limo01_start.txt,clock_limo01_start.txt,HWS-114-BACS,BACS,limo01,txt,19,aa13934e4bc426cece9125f4aadc4255ffd0a53d1d9f893b9f1989a6d626678c,VALID
HWS-114-BACS/logs/clock_limo02_end.txt,clock_limo02_end.txt,HWS-114-BACS,BACS,limo02,txt,19,150a5b57c149feb39d67344497eddf40c0e1a9aae25c1cd698ecb4baf1ba95e1,VALID
HWS-114-BACS/logs/clock_limo02_start.txt,clock_limo02_start.txt,HWS-114-BACS,BACS,limo02,txt,18,9514c5ba27df4b841c0a1504cecd5f03e4211116975d2553a7ee38e311a48cd8,VALID
HWS-114-BACS/logs/received_server.csv,received_server.csv,HWS-114-BACS,BACS,,csv,599,38336a957e62a2475476028e0332356a74a2b4de240d5cb7ee32615e0aab1517,VALID
HWS-114-BACS/logs/serial_limo01.csv,serial_limo01.csv,HWS-114-BACS,BACS,limo01,csv,361,406aeb364c24dabad415cc1aad11fbcee846504721a5a44a4454b79aa318a2ae,VALID
HWS-114-BACS/logs/serial_limo02.csv,serial_limo02.csv,HWS-114-BACS,BACS,limo02,csv,361,406aeb364c24dabad415cc1aad11fbcee846504721a5a44a4454b79aa318a2ae,VALID
HWS-114-BACS/logs/serial_server.csv,serial_server.csv,HWS-114-BACS,BACS,,csv,695,5dae40fc3ca28ebf67517c0c1ec60a857a0021be7378acf70a295a0206006ff0,VALID
HWS-115-BACSPLUS/fused_HWS-115-BACSPLUS.csv,fused_HWS-115-BACSPLUS.csv,support,,,csv,1384503,fb005a8e9b34203e9991f107ab58a4201915e384db3bf8d7e7d8c29a9eba23d6,VALID
HWS-115-BACSPLUS/logs/candidates_limo01.csv,candidates_limo01.csv,support,,limo01,csv,89012,b095862457a2e49a6e2765ba647dc4e564ef06402d209e89efad3936b0c4271b,VALID
HWS-115-BACSPLUS/logs/candidates_limo02.csv,candidates_limo02.csv,support,,limo02,csv,89009,b63c86765ce5d88ee117a971ac466fd68f5676c14a44ad51ccad54b5326cf101,VALID
HWS-115-BACSPLUS/logs/clock_limo01_end.txt,clock_limo01_end.txt,support,,limo01,txt,18,31687b02c76428a7e42caa2fbb7b37fba0ecc17de8de2f66696ad9bd816ebbe6,VALID
HWS-115-BACSPLUS/logs/clock_limo01_start.txt,clock_limo01_start.txt,support,,limo01,txt,18,588b5a3f54e3d570021c4c0155d5b1880c1fa57355ffe6389a060d9fa3f81a0f,VALID
HWS-115-BACSPLUS/logs/clock_limo02_end.txt,clock_limo02_end.txt,support,,limo02,txt,19,338aa4a5456717d3f5043dd8bf52cc4ccf1a73ac6a9d72f06437bedf1c20ad5c,VALID
HWS-115-BACSPLUS/logs/clock_limo02_start.txt,clock_limo02_start.txt,support,,limo02,txt,18,5e0e133339f3817f50a2378048f5e50d202fcd199baa8e48b89d7cd50edfbf02,VALID
HWS-115-BACSPLUS/logs/received_server.csv,received_server.csv,support,,,csv,599,38336a957e62a2475476028e0332356a74a2b4de240d5cb7ee32615e0aab1517,VALID
HWS-115-BACSPLUS/logs/serial_limo01.csv,serial_limo01.csv,support,,limo01,csv,361,406aeb364c24dabad415cc1aad11fbcee846504721a5a44a4454b79aa318a2ae,VALID
HWS-115-BACSPLUS/logs/serial_limo02.csv,serial_limo02.csv,support,,limo02,csv,361,406aeb364c24dabad415cc1aad11fbcee846504721a5a44a4454b79aa318a2ae,VALID
HWS-115-BACSPLUS/logs/serial_server.csv,serial_server.csv,support,,,csv,695,5dae40fc3ca28ebf67517c0c1ec60a857a0021be7378acf70a295a0206006ff0,VALID
HWS-116-FIFO/fused_HWS-116-FIFO.csv,fused_HWS-116-FIFO.csv,HWS-116-FIFO,FIFO,,csv,1324281,fc8fe1c3f956d5efd9adca6f1d6f1f0f38695b226b29575b9799617b575fc358,VALID
HWS-116-FIFO/logs/candidates_limo01.csv,candidates_limo01.csv,HWS-116-FIFO,FIFO,limo01,csv,89014,42656adf899d297fd78776d98bd658e6667c287a55b13ec97e912cda7b93528c,VALID
HWS-116-FIFO/logs/candidates_limo02.csv,candidates_limo02.csv,HWS-116-FIFO,FIFO,limo02,csv,89016,78824e33229fe800b3b645e464d67c0c87c8b4ff0ef606f8f12ff64cd53c83f2,VALID
HWS-116-FIFO/logs/clock_limo01_end.txt,clock_limo01_end.txt,HWS-116-FIFO,FIFO,limo01,txt,18,839a74042975fcc6307a1ace387177497b5ab4743659e0a32a52f1a9025d0a46,VALID
HWS-116-FIFO/logs/clock_limo01_start.txt,clock_limo01_start.txt,HWS-116-FIFO,FIFO,limo01,txt,18,cdca79c7227fadddb8a19984d0ab1add1c64d552381896820a9b27c7f070ac79,VALID
HWS-116-FIFO/logs/clock_limo02_end.txt,clock_limo02_end.txt,HWS-116-FIFO,FIFO,limo02,txt,18,816f9808b44a1e5f57b9f5a96d23e0d288938507b18dab9fe458cdbc2331db5c,VALID
HWS-116-FIFO/logs/clock_limo02_start.txt,clock_limo02_start.txt,HWS-116-FIFO,FIFO,limo02,txt,18,dc1ea2ab01581549f4a84d6408ce3e8f8a2487fb553d8152863378aa9004a80b,VALID
HWS-116-FIFO/logs/received_server.csv,received_server.csv,HWS-116-FIFO,FIFO,,csv,599,38336a957e62a2475476028e0332356a74a2b4de240d5cb7ee32615e0aab1517,VALID
HWS-116-FIFO/logs/serial_limo01.csv,serial_limo01.csv,HWS-116-FIFO,FIFO,limo01,csv,361,406aeb364c24dabad415cc1aad11fbcee846504721a5a44a4454b79aa318a2ae,VALID
HWS-116-FIFO/logs/serial_limo02.csv,serial_limo02.csv,HWS-116-FIFO,FIFO,limo02,csv,361,406aeb364c24dabad415cc1aad11fbcee846504721a5a44a4454b79aa318a2ae,VALID
HWS-116-FIFO/logs/serial_server.csv,serial_server.csv,HWS-116-FIFO,FIFO,,csv,695,5dae40fc3ca28ebf67517c0c1ec60a857a0021be7378acf70a295a0206006ff0,VALID
HWS-117-BACS/fused_HWS-117-BACS.csv,fused_HWS-117-BACS.csv,HWS-117-BACS,BACS,,csv,1326783,ffaf2c84c52f70d5bf592cfccb7fe96b3a8419f4e721fa8593e4b9b3b78060dc,VALID
HWS-117-BACS/logs/candidates_limo01.csv,candidates_limo01.csv,HWS-117-BACS,BACS,limo01,csv,89008,934d4b55abc9cdc1d6252b36e715d3af6d4a8b427c1efbaa2a3e3c4d9d28e16b,VALID
HWS-117-BACS/logs/candidates_limo02.csv,candidates_limo02.csv,HWS-117-BACS,BACS,limo02,csv,89014,fde0c1cc926394ad8b922f8a2ecf71792e67de4cba107a6282f284af3cfd4633,VALID
HWS-117-BACS/logs/clock_limo01_end.txt,clock_limo01_end.txt,HWS-117-BACS,BACS,limo01,txt,18,c97ed3b545556ebee7e8b8daf9b41828e1dfe791bf6df0c2a07a49f951c5bb71,VALID
HWS-117-BACS/logs/clock_limo01_start.txt,clock_limo01_start.txt,HWS-117-BACS,BACS,limo01,txt,18,732891de6ee89454ff2abbdd5ba849184afcfd40209bddf53e0631193e6f4eb9,VALID
HWS-117-BACS/logs/clock_limo02_end.txt,clock_limo02_end.txt,HWS-117-BACS,BACS,limo02,txt,18,2b54b450765f747c12ea01c479d313c48a02d008b907bf06969f15f361e1362b,VALID
HWS-117-BACS/logs/clock_limo02_start.txt,clock_limo02_start.txt,HWS-117-BACS,BACS,limo02,txt,19,a6f022018ee5f9d387d63967ac48f2d6346d29c7966376139c54a2bc13e26557,VALID
HWS-117-BACS/logs/received_server.csv,received_server.csv,HWS-117-BACS,BACS,,csv,599,38336a957e62a2475476028e0332356a74a2b4de240d5cb7ee32615e0aab1517,VALID
HWS-117-BACS/logs/serial_limo01.csv,serial_limo01.csv,HWS-117-BACS,BACS,limo01,csv,361,406aeb364c24dabad415cc1aad11fbcee846504721a5a44a4454b79aa318a2ae,VALID
HWS-117-BACS/logs/serial_limo02.csv,serial_limo02.csv,HWS-117-BACS,BACS,limo02,csv,361,406aeb364c24dabad415cc1aad11fbcee846504721a5a44a4454b79aa318a2ae,VALID
HWS-117-BACS/logs/serial_server.csv,serial_server.csv,HWS-117-BACS,BACS,,csv,695,5dae40fc3ca28ebf67517c0c1ec60a857a0021be7378acf70a295a0206006ff0,VALID
HWS-118-BACSPLUS/fused_HWS-118-BACSPLUS.csv,fused_HWS-118-BACSPLUS.csv,support,,,csv,1384433,398fffcc57e921eaee8093dbf461f239a038f1ffed25a302f42815ff0f49169b,VALID
HWS-118-BACSPLUS/logs/candidates_limo01.csv,candidates_limo01.csv,support,,limo01,csv,89015,cd20fa65ac9a57f703e54ccc0a77ec7af0c9e19fb8790e6e8ff1e19304a9125c,VALID
HWS-118-BACSPLUS/logs/candidates_limo02.csv,candidates_limo02.csv,support,,limo02,csv,89014,1fbc2d2492a3fe136bad3404fc17e8b9c5321cc2af494b3ace4fefc890c27368,VALID
HWS-118-BACSPLUS/logs/clock_limo01_end.txt,clock_limo01_end.txt,support,,limo01,txt,19,8e3838e46d1bcb58073f9595edf58f6270b3f63d63f3a67c5dd36e7a41231e7f,VALID
HWS-118-BACSPLUS/logs/clock_limo01_start.txt,clock_limo01_start.txt,support,,limo01,txt,18,3ace9e9caaa4717ebcc7029d3e4d6f930b8c5a3470b2e86dc290870a9cc844ef,VALID
HWS-118-BACSPLUS/logs/clock_limo02_end.txt,clock_limo02_end.txt,support,,limo02,txt,18,14c5f871cf6e5d765c751075344776097a9bc3d52cfdd27ea15ce6ad10e5066d,VALID
HWS-118-BACSPLUS/logs/clock_limo02_start.txt,clock_limo02_start.txt,support,,limo02,txt,18,45d28a191d4d68bb3e5b8dc962d8e92dba449ad2362a974733a8485020e9c86a,VALID
HWS-118-BACSPLUS/logs/received_server.csv,received_server.csv,support,,,csv,599,38336a957e62a2475476028e0332356a74a2b4de240d5cb7ee32615e0aab1517,VALID
HWS-118-BACSPLUS/logs/serial_limo01.csv,serial_limo01.csv,support,,limo01,csv,361,406aeb364c24dabad415cc1aad11fbcee846504721a5a44a4454b79aa318a2ae,VALID
HWS-118-BACSPLUS/logs/serial_limo02.csv,serial_limo02.csv,support,,limo02,csv,361,406aeb364c24dabad415cc1aad11fbcee846504721a5a44a4454b79aa318a2ae,VALID
HWS-118-BACSPLUS/logs/serial_server.csv,serial_server.csv,support,,,csv,695,5dae40fc3ca28ebf67517c0c1ec60a857a0021be7378acf70a295a0206006ff0,VALID
HWS-119-FIFO/fused_HWS-119-FIFO.csv,fused_HWS-119-FIFO.csv,HWS-119-FIFO,FIFO,,csv,1324256,846f3d4bce6803af673dd83d6f9cff9704eb114065927ddb2d9ca439fea9242c,VALID
HWS-119-FIFO/logs/candidates_limo01.csv,candidates_limo01.csv,HWS-119-FIFO,FIFO,limo01,csv,88996,d68210c399626c63d4ae5ce710796193c02f1978b2ac560aa25bc1b7b370343f,VALID
HWS-119-FIFO/logs/candidates_limo02.csv,candidates_limo02.csv,HWS-119-FIFO,FIFO,limo02,csv,89006,f38808a86e1f2324b55a61ee5ffaf32429ede991e8345ebb21955273c7900cc5,VALID
HWS-119-FIFO/logs/clock_limo01_end.txt,clock_limo01_end.txt,HWS-119-FIFO,FIFO,limo01,txt,19,d4ecc087e98f728035951d8182fb8987a73ccedcd1641b684e111a1a7d962a4c,VALID
HWS-119-FIFO/logs/clock_limo01_start.txt,clock_limo01_start.txt,HWS-119-FIFO,FIFO,limo01,txt,18,19a4f14a5ca45181f30bbea6be9da3a9e9b688f2c8630f9873c8b44b69b3bfa1,VALID
HWS-119-FIFO/logs/clock_limo02_end.txt,clock_limo02_end.txt,HWS-119-FIFO,FIFO,limo02,txt,18,063a54a74dd0ac61fc43d37013937a6b877d502ecd269b475f9d395a014875b3,VALID
HWS-119-FIFO/logs/clock_limo02_start.txt,clock_limo02_start.txt,HWS-119-FIFO,FIFO,limo02,txt,19,f655c4f66839471b24ea9525c40e5c4da9c35773d002924ac5405ad7bb72e19c,VALID
HWS-119-FIFO/logs/received_server.csv,received_server.csv,HWS-119-FIFO,FIFO,,csv,599,38336a957e62a2475476028e0332356a74a2b4de240d5cb7ee32615e0aab1517,VALID
HWS-119-FIFO/logs/serial_limo01.csv,serial_limo01.csv,HWS-119-FIFO,FIFO,limo01,csv,361,406aeb364c24dabad415cc1aad11fbcee846504721a5a44a4454b79aa318a2ae,VALID
HWS-119-FIFO/logs/serial_limo02.csv,serial_limo02.csv,HWS-119-FIFO,FIFO,limo02,csv,361,406aeb364c24dabad415cc1aad11fbcee846504721a5a44a4454b79aa318a2ae,VALID
HWS-119-FIFO/logs/serial_server.csv,serial_server.csv,HWS-119-FIFO,FIFO,,csv,695,5dae40fc3ca28ebf67517c0c1ec60a857a0021be7378acf70a295a0206006ff0,VALID
HWS-120-BACS/fused_HWS-120-BACS.csv,fused_HWS-120-BACS.csv,HWS-120-BACS,BACS,,csv,1326742,0b7072b804d77399f08fd8311fc96cf7861cc5b6cee0e1025e3bcb9ee6446d25,VALID
HWS-120-BACS/logs/candidates_limo01.csv,candidates_limo01.csv,HWS-120-BACS,BACS,limo01,csv,89016,cd787477009facd64d564818e4f369f90a4c85d9903b250b3ed62d11b051517e,VALID
HWS-120-BACS/logs/candidates_limo02.csv,candidates_limo02.csv,HWS-120-BACS,BACS,limo02,csv,89012,de91ac36f63a3f5585d1a0767e72594285cfa020512a0ab91b5e1a32350afb5a,VALID
HWS-120-BACS/logs/clock_limo01_end.txt,clock_limo01_end.txt,HWS-120-BACS,BACS,limo01,txt,17,89306ffd5c1cfd4af7bf1dd5d1bbd2e524e33d6a4e09f730c8f4a71386e09c00,VALID
HWS-120-BACS/logs/clock_limo01_start.txt,clock_limo01_start.txt,HWS-120-BACS,BACS,limo01,txt,18,e71b7a6417b92a881e383832f67ca9669aad637028ed92397982ddf69937db0d,VALID
HWS-120-BACS/logs/clock_limo02_end.txt,clock_limo02_end.txt,HWS-120-BACS,BACS,limo02,txt,18,4e3f3bbebb2b328da76160284c597ec645af6dcb3afcdc8b9438dc18a5edf1d6,VALID
HWS-120-BACS/logs/clock_limo02_start.txt,clock_limo02_start.txt,HWS-120-BACS,BACS,limo02,txt,19,a342e301a6c801f18e1978ef9ebc076e953cd87c02f68107f5d7aa1517b152eb,VALID
HWS-120-BACS/logs/received_server.csv,received_server.csv,HWS-120-BACS,BACS,,csv,599,38336a957e62a2475476028e0332356a74a2b4de240d5cb7ee32615e0aab1517,VALID
HWS-120-BACS/logs/serial_limo01.csv,serial_limo01.csv,HWS-120-BACS,BACS,limo01,csv,361,406aeb364c24dabad415cc1aad11fbcee846504721a5a44a4454b79aa318a2ae,VALID
HWS-120-BACS/logs/serial_limo02.csv,serial_limo02.csv,HWS-120-BACS,BACS,limo02,csv,361,406aeb364c24dabad415cc1aad11fbcee846504721a5a44a4454b79aa318a2ae,VALID
HWS-120-BACS/logs/serial_server.csv,serial_server.csv,HWS-120-BACS,BACS,,csv,695,5dae40fc3ca28ebf67517c0c1ec60a857a0021be7378acf70a295a0206006ff0,VALID
HWS-121-BACSPLUS/fused_HWS-121-BACSPLUS.csv,fused_HWS-121-BACSPLUS.csv,support,,,csv,1384608,9a2f302ee6d063395d6cc6479f5f060a7eba8fbfe9a55b61f13b6faa787c31c1,VALID
HWS-121-BACSPLUS/logs/candidates_limo01.csv,candidates_limo01.csv,support,,limo01,csv,89012,d68f241b06fb24ac96c5c66c31caadd1cedb939c5330a3f7a6641af9f6500268,VALID
HWS-121-BACSPLUS/logs/candidates_limo02.csv,candidates_limo02.csv,support,,limo02,csv,89017,b6392a28933dadec217de3bee2decbddce657cba0f9589ceb0dde084f236cb18,VALID
HWS-121-BACSPLUS/logs/clock_limo01_end.txt,clock_limo01_end.txt,support,,limo01,txt,19,d6420932ab45aec3127b749aa31664c7862968c715c09ccd1a6c81c4a09ebf93,VALID
HWS-121-BACSPLUS/logs/clock_limo01_start.txt,clock_limo01_start.txt,support,,limo01,txt,18,3054da087ce88c2afae42520e33cda5f79f7f9ad6724178ad007b1e15828783b,VALID
HWS-121-BACSPLUS/logs/clock_limo02_end.txt,clock_limo02_end.txt,support,,limo02,txt,18,1ade7f1f809005535f9320ba33db9d2908f3af54865f9154b4a121053974d9c0,VALID
HWS-121-BACSPLUS/logs/clock_limo02_start.txt,clock_limo02_start.txt,support,,limo02,txt,18,cde817e78349ee4b940fe9e233331c5c0f2ffe7db51e87bd0030f22a2ae1dc6a,VALID
HWS-121-BACSPLUS/logs/received_server.csv,received_server.csv,support,,,csv,599,38336a957e62a2475476028e0332356a74a2b4de240d5cb7ee32615e0aab1517,VALID
HWS-121-BACSPLUS/logs/serial_limo01.csv,serial_limo01.csv,support,,limo01,csv,361,406aeb364c24dabad415cc1aad11fbcee846504721a5a44a4454b79aa318a2ae,VALID
HWS-121-BACSPLUS/logs/serial_limo02.csv,serial_limo02.csv,support,,limo02,csv,361,406aeb364c24dabad415cc1aad11fbcee846504721a5a44a4454b79aa318a2ae,VALID
HWS-121-BACSPLUS/logs/serial_server.csv,serial_server.csv,support,,,csv,695,5dae40fc3ca28ebf67517c0c1ec60a857a0021be7378acf70a295a0206006ff0,VALID
HWS-122-FIFO/fused_HWS-122-FIFO.csv,fused_HWS-122-FIFO.csv,HWS-122-FIFO,FIFO,,csv,1324182,22901ae3cdd26ca7536301457a18b47a2f08fb93d6465a93f3fcb49c020fa0c1,VALID
HWS-122-FIFO/logs/candidates_limo01.csv,candidates_limo01.csv,HWS-122-FIFO,FIFO,limo01,csv,89016,38875a3c69d9d27cd9f712c089a8cfeafd2c4f9053ed73a4077897471ad551b5,VALID
HWS-122-FIFO/logs/candidates_limo02.csv,candidates_limo02.csv,HWS-122-FIFO,FIFO,limo02,csv,89008,76850a515498967fb5b4b2feae90f066a06d9113f40c3dd388d30b7a9986920e,VALID
HWS-122-FIFO/logs/clock_limo01_end.txt,clock_limo01_end.txt,HWS-122-FIFO,FIFO,limo01,txt,19,532eee9e699cac9f4bd0edaf60b880ccf0ee80085fdeae2eb377efdf65c25d86,VALID
HWS-122-FIFO/logs/clock_limo01_start.txt,clock_limo01_start.txt,HWS-122-FIFO,FIFO,limo01,txt,18,35b7237d6008d4ae2c79c8ab366a0451cb59ded42422baf0fc69037490c99542,VALID
HWS-122-FIFO/logs/clock_limo02_end.txt,clock_limo02_end.txt,HWS-122-FIFO,FIFO,limo02,txt,18,0a62caf0ce54ebe601c0ab69c14f9fda9ca303a12ea646919fc681c410c197c2,VALID
HWS-122-FIFO/logs/clock_limo02_start.txt,clock_limo02_start.txt,HWS-122-FIFO,FIFO,limo02,txt,19,17a52b1c6aec78c399949727df67d5f1e994f53ec62223bf99d322bdc084b132,VALID
HWS-122-FIFO/logs/received_server.csv,received_server.csv,HWS-122-FIFO,FIFO,,csv,599,38336a957e62a2475476028e0332356a74a2b4de240d5cb7ee32615e0aab1517,VALID
HWS-122-FIFO/logs/serial_limo01.csv,serial_limo01.csv,HWS-122-FIFO,FIFO,limo01,csv,361,406aeb364c24dabad415cc1aad11fbcee846504721a5a44a4454b79aa318a2ae,VALID
HWS-122-FIFO/logs/serial_limo02.csv,serial_limo02.csv,HWS-122-FIFO,FIFO,limo02,csv,361,406aeb364c24dabad415cc1aad11fbcee846504721a5a44a4454b79aa318a2ae,VALID
HWS-122-FIFO/logs/serial_server.csv,serial_server.csv,HWS-122-FIFO,FIFO,,csv,695,5dae40fc3ca28ebf67517c0c1ec60a857a0021be7378acf70a295a0206006ff0,VALID
HWS-123-BACS/fused_HWS-123-BACS.csv,fused_HWS-123-BACS.csv,HWS-123-BACS,BACS,,csv,1326712,2733e0e822c51e8257f981fde2f0d470ba314f4ceca0df87d98a3b9feaf1df77,VALID
HWS-123-BACS/logs/candidates_limo01.csv,candidates_limo01.csv,HWS-123-BACS,BACS,limo01,csv,89015,a7b1174802fe72cc06b91749f12380d0486371bf5848e76162432ff68d4510f0,VALID
HWS-123-BACS/logs/candidates_limo02.csv,candidates_limo02.csv,HWS-123-BACS,BACS,limo02,csv,89021,4a05d7ce330fd630abc8b2236db836288e0f882ee6b413879ed52054a34e0793,VALID
HWS-123-BACS/logs/clock_limo01_end.txt,clock_limo01_end.txt,HWS-123-BACS,BACS,limo01,txt,18,18476bba04b64fbc0f7e8a0843e9ced82c068f824c31f0a9b8f45e7c6d81a1af,VALID
HWS-123-BACS/logs/clock_limo01_start.txt,clock_limo01_start.txt,HWS-123-BACS,BACS,limo01,txt,18,6a2e4d9a3afddd92809ca0ba3373689990206b4a09e49dbbdc75de60ec152c13,VALID
HWS-123-BACS/logs/clock_limo02_end.txt,clock_limo02_end.txt,HWS-123-BACS,BACS,limo02,txt,19,9589ace6cc47ba722d11159f16871da97f3e59c03c063191c6630ae1c518b842,VALID
HWS-123-BACS/logs/clock_limo02_start.txt,clock_limo02_start.txt,HWS-123-BACS,BACS,limo02,txt,19,7cb49a6fb960d5a08fea03f6e1f7bc11df69cd23b1e36bf0c02d8d5f666ba8c0,VALID
HWS-123-BACS/logs/received_server.csv,received_server.csv,HWS-123-BACS,BACS,,csv,599,38336a957e62a2475476028e0332356a74a2b4de240d5cb7ee32615e0aab1517,VALID
HWS-123-BACS/logs/serial_limo01.csv,serial_limo01.csv,HWS-123-BACS,BACS,limo01,csv,361,406aeb364c24dabad415cc1aad11fbcee846504721a5a44a4454b79aa318a2ae,VALID
HWS-123-BACS/logs/serial_limo02.csv,serial_limo02.csv,HWS-123-BACS,BACS,limo02,csv,361,406aeb364c24dabad415cc1aad11fbcee846504721a5a44a4454b79aa318a2ae,VALID
HWS-123-BACS/logs/serial_server.csv,serial_server.csv,HWS-123-BACS,BACS,,csv,695,5dae40fc3ca28ebf67517c0c1ec60a857a0021be7378acf70a295a0206006ff0,VALID
HWS-124-BACSPLUS/fused_HWS-124-BACSPLUS.csv,fused_HWS-124-BACSPLUS.csv,support,,,csv,1384490,92542a29eb2ada94bf04206899d15fec8cddbff2cc3e642bdda0f94b4058e262,VALID
HWS-124-BACSPLUS/logs/candidates_limo01.csv,candidates_limo01.csv,support,,limo01,csv,89017,5ea2c822bd2189b4a300df16fc86520eaff6f7d4131fb1214bf9ae6628f34be0,VALID
HWS-124-BACSPLUS/logs/candidates_limo02.csv,candidates_limo02.csv,support,,limo02,csv,89018,cb9073e6965acbc0317cda8d5597035d8f163309b58c10309cfe5113f75c3b49,VALID
HWS-124-BACSPLUS/logs/clock_limo01_end.txt,clock_limo01_end.txt,support,,limo01,txt,18,0b7f1df910d40a99ab27bfbae893d1a627c549fbc81b15b5201ed40f5d91e8b9,VALID
HWS-124-BACSPLUS/logs/clock_limo01_start.txt,clock_limo01_start.txt,support,,limo01,txt,19,36685612c66af2bbc364171df106d145966c42c8f1861a71e999a41236163729,VALID
HWS-124-BACSPLUS/logs/clock_limo02_end.txt,clock_limo02_end.txt,support,,limo02,txt,19,b53f9d5536a7883c9e6a3f4eb725ffa900c3b33737e6dfecf3dcff00d8e3e181,VALID
HWS-124-BACSPLUS/logs/clock_limo02_start.txt,clock_limo02_start.txt,support,,limo02,txt,19,18b36543bea99ec3039337b9651e7a93e35317900a4997ecf6586409962c4dbb,VALID
HWS-124-BACSPLUS/logs/received_server.csv,received_server.csv,support,,,csv,599,38336a957e62a2475476028e0332356a74a2b4de240d5cb7ee32615e0aab1517,VALID
HWS-124-BACSPLUS/logs/serial_limo01.csv,serial_limo01.csv,support,,limo01,csv,361,406aeb364c24dabad415cc1aad11fbcee846504721a5a44a4454b79aa318a2ae,VALID
HWS-124-BACSPLUS/logs/serial_limo02.csv,serial_limo02.csv,support,,limo02,csv,361,406aeb364c24dabad415cc1aad11fbcee846504721a5a44a4454b79aa318a2ae,VALID
HWS-124-BACSPLUS/logs/serial_server.csv,serial_server.csv,support,,,csv,695,5dae40fc3ca28ebf67517c0c1ec60a857a0021be7378acf70a295a0206006ff0,VALID
HWS-125-FIFO/fused_HWS-125-FIFO.csv,fused_HWS-125-FIFO.csv,HWS-125-FIFO,FIFO,,csv,1324189,9b27599920215e9db3291798c7cd4f8da505038a5ffac01387e0edd118858d59,VALID
HWS-125-FIFO/logs/candidates_limo01.csv,candidates_limo01.csv,HWS-125-FIFO,FIFO,limo01,csv,89009,a2bcccb78ad557de548fa5b1c12ca4a7ca45b06aed5bde8f825cb631b60d365b,VALID
HWS-125-FIFO/logs/candidates_limo02.csv,candidates_limo02.csv,HWS-125-FIFO,FIFO,limo02,csv,89017,1e551fc3a536211f1cb0f1f73458716eec635639f2ac17fbe3d4a69c8d765543,VALID
HWS-125-FIFO/logs/clock_limo01_end.txt,clock_limo01_end.txt,HWS-125-FIFO,FIFO,limo01,txt,19,c1100dd266af0a1cb1a47913978c596c6d44ab9b6ea84eb3777ba43891a8789e,VALID
HWS-125-FIFO/logs/clock_limo01_start.txt,clock_limo01_start.txt,HWS-125-FIFO,FIFO,limo01,txt,19,2440a91723d97d6a860953ab408e67966df7341b9cd08795170985004e447241,VALID
HWS-125-FIFO/logs/clock_limo02_end.txt,clock_limo02_end.txt,HWS-125-FIFO,FIFO,limo02,txt,18,651385d45026ceace0359cce169a3650ed94ab752ed60b5b79cf903b43a4fc3e,VALID
HWS-125-FIFO/logs/clock_limo02_start.txt,clock_limo02_start.txt,HWS-125-FIFO,FIFO,limo02,txt,18,6b179615fbd6076d1592263d49b03b43e58a9e621eb7a4600498128006d01642,VALID
HWS-125-FIFO/logs/received_server.csv,received_server.csv,HWS-125-FIFO,FIFO,,csv,599,38336a957e62a2475476028e0332356a74a2b4de240d5cb7ee32615e0aab1517,VALID
HWS-125-FIFO/logs/serial_limo01.csv,serial_limo01.csv,HWS-125-FIFO,FIFO,limo01,csv,361,406aeb364c24dabad415cc1aad11fbcee846504721a5a44a4454b79aa318a2ae,VALID
HWS-125-FIFO/logs/serial_limo02.csv,serial_limo02.csv,HWS-125-FIFO,FIFO,limo02,csv,361,406aeb364c24dabad415cc1aad11fbcee846504721a5a44a4454b79aa318a2ae,VALID
HWS-125-FIFO/logs/serial_server.csv,serial_server.csv,HWS-125-FIFO,FIFO,,csv,695,5dae40fc3ca28ebf67517c0c1ec60a857a0021be7378acf70a295a0206006ff0,VALID
HWS-126-BACS/fused_HWS-126-BACS.csv,fused_HWS-126-BACS.csv,HWS-126-BACS,BACS,,csv,1326871,6138b970bd9d57a7eeb715860b9a44fbb2b43868090e673d3e8a5d1818bc00fc,VALID
HWS-126-BACS/logs/candidates_limo01.csv,candidates_limo01.csv,HWS-126-BACS,BACS,limo01,csv,89010,fa485a81ce6f55f28efd8f71a0d524a55f7c9a2149b1cf4e7c41da27d729ee1a,VALID
HWS-126-BACS/logs/candidates_limo02.csv,candidates_limo02.csv,HWS-126-BACS,BACS,limo02,csv,89004,c2a63b37bd418212078fb62eff12f1ce83268d7f4bc496bb1ca9d1fb58e6726b,VALID
HWS-126-BACS/logs/clock_limo01_end.txt,clock_limo01_end.txt,HWS-126-BACS,BACS,limo01,txt,18,27b604e84c2ee6e6f641aeb89c328cc89257233533636e26b0cb09f58332c8ca,VALID
HWS-126-BACS/logs/clock_limo01_start.txt,clock_limo01_start.txt,HWS-126-BACS,BACS,limo01,txt,18,ee34ebbe9462e2ed648b52614849e7457d0e0f381245aeedef179f49b53e7cdd,VALID
HWS-126-BACS/logs/clock_limo02_end.txt,clock_limo02_end.txt,HWS-126-BACS,BACS,limo02,txt,18,a7decc5f998a9621185a6bb46aef695a8a2ce9a968ebd35cb4eadb719bc493b4,VALID
HWS-126-BACS/logs/clock_limo02_start.txt,clock_limo02_start.txt,HWS-126-BACS,BACS,limo02,txt,18,f5c1542b024d91442d105851476b9510a92e9daf5085c7742ddbf2f27fb13620,VALID
HWS-126-BACS/logs/received_server.csv,received_server.csv,HWS-126-BACS,BACS,,csv,599,38336a957e62a2475476028e0332356a74a2b4de240d5cb7ee32615e0aab1517,VALID
HWS-126-BACS/logs/serial_limo01.csv,serial_limo01.csv,HWS-126-BACS,BACS,limo01,csv,361,406aeb364c24dabad415cc1aad11fbcee846504721a5a44a4454b79aa318a2ae,VALID
HWS-126-BACS/logs/serial_limo02.csv,serial_limo02.csv,HWS-126-BACS,BACS,limo02,csv,361,406aeb364c24dabad415cc1aad11fbcee846504721a5a44a4454b79aa318a2ae,VALID
HWS-126-BACS/logs/serial_server.csv,serial_server.csv,HWS-126-BACS,BACS,,csv,695,5dae40fc3ca28ebf67517c0c1ec60a857a0021be7378acf70a295a0206006ff0,VALID
HWS-127-BACSPLUS/fused_HWS-127-BACSPLUS.csv,fused_HWS-127-BACSPLUS.csv,support,,,csv,1384636,5cdb434da2abf2891ebf298d9e40dc9db70217e7fbce4ad73f67bb16a4bd3a80,VALID
HWS-127-BACSPLUS/logs/candidates_limo01.csv,candidates_limo01.csv,support,,limo01,csv,89018,9571a349bf5cd51eb7bedd44efc6838dd1df1e89a0ddddc7ddd69cea4babeda9,VALID
HWS-127-BACSPLUS/logs/candidates_limo02.csv,candidates_limo02.csv,support,,limo02,csv,89021,69b626d16c077e41a46d97090d8a831d5330898af3509770f028ba2d8fa22b6c,VALID
HWS-127-BACSPLUS/logs/clock_limo01_end.txt,clock_limo01_end.txt,support,,limo01,txt,18,3263f3e8e74a79dd7884ce7ff54ea727fc27d74e10b4a8fbe4f72a8efbfc6487,VALID
HWS-127-BACSPLUS/logs/clock_limo01_start.txt,clock_limo01_start.txt,support,,limo01,txt,19,ef2fdd96e48638af51c192ec64e01508ba80d31debb3bdd59eb99be467067ea7,VALID
HWS-127-BACSPLUS/logs/clock_limo02_end.txt,clock_limo02_end.txt,support,,limo02,txt,19,e22184d342943cd862c3516aa67350d78fa798a2fbf72b316dea6665b7a1f70a,VALID
HWS-127-BACSPLUS/logs/clock_limo02_start.txt,clock_limo02_start.txt,support,,limo02,txt,18,8e1cb3e4b7ceed376654e1414a8758584323c6a531761866d5f06fceb56d4295,VALID
HWS-127-BACSPLUS/logs/received_server.csv,received_server.csv,support,,,csv,599,38336a957e62a2475476028e0332356a74a2b4de240d5cb7ee32615e0aab1517,VALID
HWS-127-BACSPLUS/logs/serial_limo01.csv,serial_limo01.csv,support,,limo01,csv,361,406aeb364c24dabad415cc1aad11fbcee846504721a5a44a4454b79aa318a2ae,VALID
HWS-127-BACSPLUS/logs/serial_limo02.csv,serial_limo02.csv,support,,limo02,csv,361,406aeb364c24dabad415cc1aad11fbcee846504721a5a44a4454b79aa318a2ae,VALID
HWS-127-BACSPLUS/logs/serial_server.csv,serial_server.csv,support,,,csv,695,5dae40fc3ca28ebf67517c0c1ec60a857a0021be7378acf70a295a0206006ff0,VALID
HWS-128-FIFO/fused_HWS-128-FIFO.csv,fused_HWS-128-FIFO.csv,HWS-128-FIFO,FIFO,,csv,1324394,d4a4fdff92f19115fa9951bae4af00c4ff061a06e7d19a3cc0807aebea266316,VALID
HWS-128-FIFO/logs/candidates_limo01.csv,candidates_limo01.csv,HWS-128-FIFO,FIFO,limo01,csv,89007,bebc73944aa0eef541bef72fefca7869e5d7936fe5e47f0e21d46f8dd2b020a3,VALID
HWS-128-FIFO/logs/candidates_limo02.csv,candidates_limo02.csv,HWS-128-FIFO,FIFO,limo02,csv,89016,f0112d9e914f5e77b9b7b99a4f00a7a6eb2b9048ef2452c516de8a21835076c2,VALID
HWS-128-FIFO/logs/clock_limo01_end.txt,clock_limo01_end.txt,HWS-128-FIFO,FIFO,limo01,txt,18,cb69f3425ee61c94f02e262fc420cc74d415995711f6b0e1ac202df754bae87e,VALID
HWS-128-FIFO/logs/clock_limo01_start.txt,clock_limo01_start.txt,HWS-128-FIFO,FIFO,limo01,txt,19,487fde8f9ff4f9e7967112ceab04cfdc091117bd23b3acddd8780a8bdafdb46e,VALID
HWS-128-FIFO/logs/clock_limo02_end.txt,clock_limo02_end.txt,HWS-128-FIFO,FIFO,limo02,txt,19,e25d2c91f81c7dfb475b2e0a8fbe5c6bf6a17b49299e3dbe115c67034be28c30,VALID
HWS-128-FIFO/logs/clock_limo02_start.txt,clock_limo02_start.txt,HWS-128-FIFO,FIFO,limo02,txt,18,05cad734782caf059a31cb0ba63a412923a2a0b5d77e3abb8c4c8c1b5052f1f1,VALID
HWS-128-FIFO/logs/received_server.csv,received_server.csv,HWS-128-FIFO,FIFO,,csv,599,38336a957e62a2475476028e0332356a74a2b4de240d5cb7ee32615e0aab1517,VALID
HWS-128-FIFO/logs/serial_limo01.csv,serial_limo01.csv,HWS-128-FIFO,FIFO,limo01,csv,361,406aeb364c24dabad415cc1aad11fbcee846504721a5a44a4454b79aa318a2ae,VALID
HWS-128-FIFO/logs/serial_limo02.csv,serial_limo02.csv,HWS-128-FIFO,FIFO,limo02,csv,361,406aeb364c24dabad415cc1aad11fbcee846504721a5a44a4454b79aa318a2ae,VALID
HWS-128-FIFO/logs/serial_server.csv,serial_server.csv,HWS-128-FIFO,FIFO,,csv,695,5dae40fc3ca28ebf67517c0c1ec60a857a0021be7378acf70a295a0206006ff0,VALID
HWS-129-BACS/fused_HWS-129-BACS.csv,fused_HWS-129-BACS.csv,HWS-129-BACS,BACS,,csv,1326590,381257f5ff114aac3afd0a131b7ac48bc5e7e49769552771e5893935dc10e6d6,VALID
HWS-129-BACS/logs/candidates_limo01.csv,candidates_limo01.csv,HWS-129-BACS,BACS,limo01,csv,89007,75e5b0c6beccd05f0c79a04454401d17105178342a50b3f17bead29481bdaf26,VALID
HWS-129-BACS/logs/candidates_limo02.csv,candidates_limo02.csv,HWS-129-BACS,BACS,limo02,csv,89018,7cc74f830c956fe417f4bba7c2f49f3026921fb97c2ac7cc9274a168db709970,VALID
HWS-129-BACS/logs/clock_limo01_end.txt,clock_limo01_end.txt,HWS-129-BACS,BACS,limo01,txt,18,712135f0bdbd9af8ff9ff8fe1a54de59c146a0c33d7cfff37035ae0f80cb40ff,VALID
HWS-129-BACS/logs/clock_limo01_start.txt,clock_limo01_start.txt,HWS-129-BACS,BACS,limo01,txt,18,d463d8b3aabec028e640ee61ba36fbcf86a627b2398d4af04529125e20869080,VALID
HWS-129-BACS/logs/clock_limo02_end.txt,clock_limo02_end.txt,HWS-129-BACS,BACS,limo02,txt,19,7e480e3efe2bdf44099c6bc2cd7a876690f2a1cf7c2cf8c5d99ec8d8450fa671,VALID
HWS-129-BACS/logs/clock_limo02_start.txt,clock_limo02_start.txt,HWS-129-BACS,BACS,limo02,txt,18,ccc23b56cb9d8996f334447dbc4845a3a21fffc18d2598ebd2fad8938ba1bcc7,VALID
HWS-129-BACS/logs/received_server.csv,received_server.csv,HWS-129-BACS,BACS,,csv,599,38336a957e62a2475476028e0332356a74a2b4de240d5cb7ee32615e0aab1517,VALID
HWS-129-BACS/logs/serial_limo01.csv,serial_limo01.csv,HWS-129-BACS,BACS,limo01,csv,361,406aeb364c24dabad415cc1aad11fbcee846504721a5a44a4454b79aa318a2ae,VALID
HWS-129-BACS/logs/serial_limo02.csv,serial_limo02.csv,HWS-129-BACS,BACS,limo02,csv,361,406aeb364c24dabad415cc1aad11fbcee846504721a5a44a4454b79aa318a2ae,VALID
HWS-129-BACS/logs/serial_server.csv,serial_server.csv,HWS-129-BACS,BACS,,csv,695,5dae40fc3ca28ebf67517c0c1ec60a857a0021be7378acf70a295a0206006ff0,VALID
HWS-130-BACSPLUS/fused_HWS-130-BACSPLUS.csv,fused_HWS-130-BACSPLUS.csv,support,,,csv,1384382,8abe4c42b1b96ce5b6ff3cf19b5ab331d586a7001acd204f88c14946ff30c837,VALID
HWS-130-BACSPLUS/logs/candidates_limo01.csv,candidates_limo01.csv,support,,limo01,csv,89017,daf5635726f29e899b26831699748ec3846e0fc64187d3496f67fc087117a4aa,VALID
HWS-130-BACSPLUS/logs/candidates_limo02.csv,candidates_limo02.csv,support,,limo02,csv,89018,6add482fb5e818bc397efc66e9774303495eb459044a433c19a0a78f90989236,VALID
HWS-130-BACSPLUS/logs/clock_limo01_end.txt,clock_limo01_end.txt,support,,limo01,txt,19,b8754bdc2ebd6710feac7cf0cbdae261cca56c7076639bac9bd132208dec85e8,VALID
HWS-130-BACSPLUS/logs/clock_limo01_start.txt,clock_limo01_start.txt,support,,limo01,txt,18,3c962f5a927419958846b79cd516889bfe19522ee4b272e817dfab2174b4d7fa,VALID
HWS-130-BACSPLUS/logs/clock_limo02_end.txt,clock_limo02_end.txt,support,,limo02,txt,19,c028b6b88554a8a2192acae812a2defb966549b64f8e3d673e28c5566322d736,VALID
HWS-130-BACSPLUS/logs/clock_limo02_start.txt,clock_limo02_start.txt,support,,limo02,txt,18,ec64727f24013da762e35ffc0b9b9c325217b04db5c963bca879fd8a357df8d8,VALID
HWS-130-BACSPLUS/logs/received_server.csv,received_server.csv,support,,,csv,599,38336a957e62a2475476028e0332356a74a2b4de240d5cb7ee32615e0aab1517,VALID
HWS-130-BACSPLUS/logs/serial_limo01.csv,serial_limo01.csv,support,,limo01,csv,361,406aeb364c24dabad415cc1aad11fbcee846504721a5a44a4454b79aa318a2ae,VALID
HWS-130-BACSPLUS/logs/serial_limo02.csv,serial_limo02.csv,support,,limo02,csv,361,406aeb364c24dabad415cc1aad11fbcee846504721a5a44a4454b79aa318a2ae,VALID
HWS-130-BACSPLUS/logs/serial_server.csv,serial_server.csv,support,,,csv,695,5dae40fc3ca28ebf67517c0c1ec60a857a0021be7378acf70a295a0206006ff0,VALID
support/build.log,build.log,support,,,log,2458,a36d35df2b8846dd744854317ef1e1a0f7d1e8a7969cf8fcfd3380ae8a917cf0,VALID
support/check_provenance_crossref.csv,check_provenance_crossref.csv,support,,,csv,1052,780aa63bdfe6e2e1e79aa5cea3e426e59e0f643663c394156857eb3b4a77496c,VALID
support/experiment_protocol.md,experiment_protocol.md,support,,,md,2126,07c5459179819a83a322b11dd6a86e0179805abbfa4e897616c7da64d83999d9,VALID
support/hardware_execution_status.csv,hardware_execution_status.csv,support,,,csv,721,ae38d4d3b4f9fbbdb07306f171574f24331e6e03810abcf3e8d29f4f66d8fc6a,VALID
support/provenance.log,provenance.log,support,,,log,359,e2751307c56237b54bfdc8ba2539205d72286425ca27f67f57d5d6c1a48ecb2f,VALID
support/raw_file_index.csv,raw_file_index.csv,support,,,csv,3792,2646b1916b74995bd156a94f6c37e460e4c67af6a9abc2b2a022429f6c29487a,VALID
support/rylr998_at_config.txt,rylr998_at_config.txt,support,,,txt,416,b2a442761e57856ed7ebd9368a1470441cfbec60e23396f29022f9890aba6554,VALID
support/session_manifest.csv,session_manifest.csv,support,,,csv,1797,f535d7c1149ca907b23a8aa4ddf1bada32aeedec48b84114dbc67533b2fa812a,VALID
