n_robots,seed,rule,pose_rmse,align_rmse,gamma,n_delivered,trust_yield,airtime_util,dt_bias
2,10,fixed 0.003,0.2602649143853884,0.13675963031343621,0.003,48,0.38570378763720137,0.6936177777777777,7.492765333333338
2,10,drift derived,0.5312694534500124,0.27118041961256184,0.033271064666877376,47,0.22519387169292207,0.6729600000000001,-76.5797065531915
2,10,drift adaptive,0.4522951356193446,0.20644763471745078,0.06305129851649546,44,0.2540451344843522,0.6874763636363639,-40.586909090909124
2,10,deferral derived,0.2290066699225365,0.15235720607463704,0.004471917293935131,48,0.3145730295649656,0.6943288888888889,-81.98313866666668
2,10,deferral adaptive,0.4486662809212251,0.2004226380872815,0.005747435257737779,35,0.4134287357271951,0.6321403508771936,-25.41602377142859
2,11,fixed 0.003,0.2806770850542657,0.19185748268898428,0.003,48,0.4452011833768483,0.6907733333333334,4.601525333333345
2,11,drift derived,0.20061708138880044,0.18217172067407694,0.033271064666877376,47,0.2777292904591196,0.6743822222222222,-71.41168748936171
2,11,drift adaptive,0.2959582447033462,0.2104385351409851,0.05473122474878263,38,0.35466208255709464,0.6888645614035093,-19.22534736842107
2,11,deferral derived,0.248682187577574,0.1887266301499135,0.004471917293935131,48,0.3936493643244024,0.6907733333333334,-41.20108266666668
2,11,deferral adaptive,0.38631451977302833,0.1927687687174239,2.0,20,0.5282270104113802,0.38115555555555575,2.592063999999991
2,12,fixed 0.003,0.41774592673346844,0.1824928020548773,0.003,48,0.4309242014687797,0.689351111111111,-56.33649333333337
2,12,drift derived,0.3304187690363953,0.2561712037395471,0.033271064666877376,47,0.24512894645095154,0.6743822222222222,-71.35292187234046
2,12,drift adaptive,0.3585333956577547,0.2352683977228928,0.051367224708073485,39,0.40152257921839263,0.6715306666666672,-19.117561435897453
2,12,deferral derived,0.3320531032370329,0.2726659260334351,0.004471917293935131,48,0.4005370430331506,0.689351111111111,-84.75599200000002
2,12,deferral adaptive,0.2984464668583264,0.20711717551542352,2.0,20,0.4683926879478685,0.38305185185185203,1.036825599999991
2,13,fixed 0.003,0.29969236632039886,0.23517412683983446,0.003,48,0.4210741458696765,0.6921955555555556,-12.919224
2,13,drift derived,0.4300776611392776,0.2127900063429673,0.033271064666877376,47,0.2575292449506606,0.6765155555555555,-86.79708868085109
2,13,drift adaptive,0.3218640777056114,0.2048978721406879,0.04830937780405526,37,0.32872772817892687,0.6717529824561408,-19.209610378378393
2,13,deferral derived,0.28616798378491926,0.23821147962486258,0.004471917293935131,48,0.3753357323441459,0.6914844444444445,-33.167818666666676
2,13,deferral adaptive,0.8906604069463704,0.436827502883945,1.78965331287641,24,0.6348063935634657,0.4581451851851855,2.1363306666666593
2,14,fixed 0.003,0.2778949917004169,0.1865185699742574,0.003,48,0.3760630154327562,0.6900622222222222,-77.02263466666666
2,14,drift derived,0.4884174121866432,0.21039115403718314,0.033271064666877376,47,0.22764675852732705,0.6743822222222223,-59.0129266382979
2,14,drift adaptive,0.48065385354648427,0.19200288386962144,0.06327370992527616,38,0.2929663612230517,0.6897628070175444,-19.86505768421054
2,14,deferral derived,0.3082762007299502,0.21781038787219284,0.004471917293935131,48,0.3238007411167374,0.6900622222222222,-90.56983733333335
2,14,deferral adaptive,0.38958318688517857,0.21176521150522737,2.0,22,0.4768118357897841,0.42107259259259283,1.3031912727272628
2,15,fixed 0.003,0.23600050681078405,0.1837341635144388,0.003,48,0.39287883955096303,0.6950400000000001,-19.65071466666667
2,15,drift derived,0.48857037648706936,0.170117428339148,0.033271064666877376,46,0.3204145410818411,0.6962457971014494,-58.98588939130435
2,15,drift adaptive,0.39738503196375274,0.1728340456036297,0.057540899603251705,37,0.469697467548807,0.672651228070176,-9.025992648648666
2,15,deferral derived,0.3443675522089274,0.15564175120528473,0.004471917293935131,48,0.3452860560929885,0.6893511111111111,-33.72358133333333
2,15,deferral adaptive,0.5521583221072173,0.24666344438376997,2.0,22,0.5290412937091371,0.4220207407407409,1.2561803636363542
2,16,fixed 0.003,0.4192080113833585,0.174716138202689,0.003,48,0.3804246053581131,0.6929066666666667,11.793615999999966
2,16,drift derived,0.4814208320551856,0.19584675898324388,0.033271064666877376,47,0.22299084770380395,0.6758044444444445,-54.26035200000002
2,16,drift adaptive,0.4259320789353222,0.20739864001235928,0.05923629292230478,37,0.32749297291241597,0.6717529824561408,-6.705830054054073
2,16,deferral derived,0.3531547565871379,0.17760725564757057,0.004471917293935131,48,0.328011402528394,0.6929066666666667,-49.36621333333333
2,16,deferral adaptive,0.41327490315487664,0.2620385229603475,2.0,20,0.42989380015739354,0.38210370370370395,1.0368255999999882
2,17,fixed 0.003,0.29895348334502614,0.1980860486378808,0.003,48,0.43153306444903944,0.6936177777777778,-14.269242666666685
2,17,drift derived,0.6012366368471074,0.2206412250576284,0.033271064666877376,47,0.29980757939273484,0.6779377777777778,-62.22752136170215
2,17,drift adaptive,0.6211281435696909,0.2557088240929994,0.06584379659449359,37,0.4752927509477571,0.6753459649122813,-9.557490162162177
2,17,deferral derived,0.315099243284205,0.1971651984343556,0.004471917293935131,48,0.38057991847887473,0.6936177777777778,-62.77402133333336
2,17,deferral adaptive,0.4677195949767169,0.26035015583016297,0.008782753239451,32,0.33444415586940457,0.5826021052631584,-24.456272000000013
2,18,fixed 0.003,0.28285365356535525,0.17512793403562718,0.003,48,0.47327767046752495,0.6907733333333334,-26.325277333333332
2,18,drift derived,0.5486121971207921,0.2443295071478491,0.033271064666877376,46,0.29608588416862675,0.6932776811594206,-64.23061982608696
2,18,drift adaptive,0.5629791101950172,0.24546478002305666,0.05055854814597384,37,0.4249493109830249,0.6717529824561408,-15.2283917837838
2,18,deferral derived,0.2793798265510483,0.18128708656146977,0.004471917293935131,48,0.4142094923408364,0.6907733333333334,-63.78430133333335
2,18,deferral adaptive,0.4089748144234836,0.20294591972510492,2.0,24,0.5599766164544389,0.461937777777778,1.7602453333333254
2,19,fixed 0.003,0.24133317447622987,0.12464652541987642,0.003,48,0.5595562882428994,0.6900622222222222,-16.931144000000035
2,19,drift derived,0.19318782081224872,0.19333505145058022,0.033271064666877376,46,0.403713445896493,0.6895675362318844,-62.004335304347855
2,19,drift adaptive,0.2430044005300455,0.19030133211834482,0.05159590492623493,39,0.5053146358296008,0.6715306666666672,-16.640945230769248
2,19,deferral derived,0.24232323371006645,0.13355465558827825,0.004471917293935131,48,0.5220437403500756,0.6900622222222222,-64.40234933333335
2,19,deferral adaptive,0.39860536640773303,0.28271031851119266,2.0,20,0.6333370013260706,0.38020740740740766,3.11047679999999
2,20,fixed 0.003,0.7031715912295499,0.2813258108301867,0.003,48,0.3582475026777198,0.69504,-25.266928000000025
2,20,drift derived,0.584049884184364,0.29239152352167663,0.033271064666877376,47,0.20874399906039953,0.6750933333333335,-83.3544605957447
2,20,drift adaptive,0.5853456377534111,0.26277872985230866,0.05064491561349793,39,0.255712256098981,0.6715306666666672,-30.968454564102583
2,20,deferral derived,0.6223856083080094,0.27883634467267343,0.004471917293935131,48,0.3031565074700973,0.69504,-57.07882933333334
2,20,deferral adaptive,0.573081732313235,0.27002916887707856,1.3313129369897103,28,0.35120168019748543,0.5379792592592597,1.266998857142844
2,21,fixed 0.003,0.2643132001128528,0.1305520158871465,0.003,48,0.40118797957577296,0.6907733333333334,17.096455999999943
2,21,drift derived,0.24445903390516052,0.1511745990017115,0.033271064666877376,47,0.25159907648678753,0.677226666666667,-76.73690961702131
2,21,drift adaptive,0.24932273958961332,0.15385290404042842,0.05133102051313169,38,0.3860089121632199,0.6924575438596496,-9.195910736842123
2,21,deferral derived,0.2555842480281493,0.1420336992313735,0.004471917293935131,48,0.35816251025290224,0.689351111111111,-27.828808000000024
2,21,deferral adaptive,0.33655553143425765,0.15326346621090275,2.0,20,0.4338099736662384,0.3849481481481484,1.5552383999999893
2,22,fixed 0.003,0.24186808832701567,0.18787551302460453,0.003,48,0.3010847589660522,0.6957511111111111,-20.32220266666668
2,22,drift derived,0.489328095023298,0.2436904770715872,0.033271064666877376,47,0.15193060208220194,0.6772266666666668,-73.04373651063833
2,22,drift adaptive,0.345936467329204,0.17076927106203113,0.061448346525178096,39,0.22962430432640957,0.6757973333333339,-5.6207524102564275
2,22,deferral derived,0.31950614873661515,0.21196831650676526,0.004471917293935131,48,0.2510320513527315,0.6957511111111111,-31.874743999999996
2,22,deferral adaptive,0.47348829575873463,0.3073491929013198,2.0,20,0.20913433452542884,0.38305185185185203,1.036825599999991
2,23,fixed 0.003,0.31460163846166767,0.28611216933845146,0.003,48,0.31143999746725515,0.6936177777777777,-0.2218986666667225
2,23,drift derived,0.507360606941562,0.18835579264281677,0.033271064666877376,46,0.18712277533071503,0.6940197101449275,-85.35756800000004
2,23,drift adaptive,0.4927779800951454,0.20739201208452107,0.052114601929268214,38,0.2695694725990148,0.6924575438596496,-18.271164631578966
2,23,deferral derived,0.31983755435044464,0.23308857434563454,0.004471917293935131,48,0.2764619652155161,0.6936177777777777,-44.39388533333335
2,23,deferral adaptive,0.26076659685253234,0.17484957720748845,0.006666862782833279,36,0.36499008204139577,0.6564378947368426,-18.44985600000002
2,24,fixed 0.003,0.2065593878991901,0.17465277099194396,0.003,48,0.41544064640203393,0.6936177777777778,4.949162666666656
2,24,drift derived,0.27206484037258105,0.15358347919918636,0.033271064666877376,47,0.3361543936857386,0.6758044444444445,-79.3844725106383
2,24,drift adaptive,0.29534475399801585,0.1780174464530493,0.07698849748167162,43,0.49098437505753695,0.6734739393939396,-23.71096706976746
2,24,deferral derived,0.22674953756875335,0.17127808593748137,0.004471917293935131,48,0.38404444742296057,0.6921955555555556,-41.14414666666668
2,24,deferral adaptive,0.40366265076794694,0.1786353310848908,1.6938645693195233,26,0.609887807170955,0.5018548148148151,3.492775384615375
2,25,fixed 0.003,0.42397994878565204,0.19608905046596053,0.003,48,0.4114625652786759,0.6900622222222222,-23.5204026666667
2,25,drift derived,0.498249964111134,0.1831606060810343,0.033271064666877376,47,0.26266390442762616,0.6729600000000001,-68.6600551489362
2,25,drift adaptive,0.5661468475864043,0.20884399209485044,0.05917752921789507,34,0.42816878221966476,0.6501451851851857,-8.28717929411766
2,25,deferral derived,0.3927886209721624,0.1736476508911029,0.004471917293935131,48,0.35432079791922116,0.68864,-27.970789333333318
2,25,deferral adaptive,0.9161527802309264,0.21611824018824533,2.0,22,0.3038687095527196,0.4182281481481484,0.7895621818181717
2,26,fixed 0.003,0.37293466096714334,0.15449566202690043,0.003,48,0.44257152211735235,0.6907733333333334,-7.839757333333355
2,26,drift derived,0.31753784707397115,0.1980920644005646,0.033271064666877376,46,0.2866359836401887,0.6895675362318844,-75.47431791304349
2,26,drift adaptive,0.3415616032440848,0.1974154737680824,0.13158952271307311,37,0.5709903942200061,0.6726512280701759,-1.3408588108108221
2,26,deferral derived,0.32978853459136115,0.1758156737877722,0.004471917293935131,48,0.37373354328722436,0.6929066666666667,-51.92881333333335
2,26,deferral adaptive,0.5960299587518693,0.2168066557445304,2.0,20,0.5708708071447567,0.38020740740740766,2.073651199999989
2,27,fixed 0.003,0.3007533474218102,0.12900212639802452,0.003,48,0.3383458234171539,0.6907733333333335,-42.580786666666654
2,27,drift derived,0.7346833506353531,0.2686879958715901,0.033271064666877376,47,0.21591813930374465,0.6729600000000001,-74.43415693617023
2,27,drift adaptive,0.7617555565710343,0.2569711941239528,0.07357072631803288,39,0.3595642038275629,0.6706773333333338,-13.695803076923097
2,27,deferral derived,0.4411773925652024,0.17782691708878992,0.004471917293935131,48,0.2834484950566178,0.6879288888888889,-76.21117866666667
2,27,deferral adaptive,0.6879783665941825,0.21124301313683683,2.0,20,0.39177783098181396,0.38115555555555575,1.0368255999999898
2,28,fixed 0.003,0.535513100168813,0.26488582970126734,0.003,48,0.3652084026926114,0.6985955555555554,-60.90714133333332
2,28,drift derived,0.4521586878683842,0.18763047695180166,0.033271064666877376,46,0.23101440779591034,0.6962457971014494,-78.39350817391306
2,28,drift adaptive,0.6311656388760166,0.28811673781614244,0.05417056000046312,39,0.2827882621033168,0.6766506666666672,-20.61005784615386
2,28,deferral derived,0.5702327964574061,0.26120118519867747,0.004471917293935131,48,0.30441978537155434,0.6985955555555556,-85.67008266666666
2,28,deferral adaptive,1.1911329415438634,0.29022998008548545,0.008815486289864108,32,0.316639576517282,0.5808056140350881,-20.59120400000002
2,29,fixed 0.003,0.28423019554223516,0.13193704749504992,0.003,48,0.3847759266458259,0.6914844444444443,-54.88498666666669
2,29,drift derived,0.3633860938384577,0.17574258485382424,0.033271064666877376,47,0.21275445749769892,0.6729600000000001,-70.01885140425534
2,29,drift adaptive,0.31218683437921335,0.19426734248586686,0.08567597480489351,38,0.32490324870934,0.6897628070175443,-12.997797052631597
2,29,deferral derived,0.23912624486131723,0.1432856119313579,0.004471917293935131,48,0.31687962648611934,0.6914844444444443,-86.2368346666667
2,29,deferral adaptive,0.4803844559368071,0.2104025992158902,2.0,20,0.3941061701287035,0.38305185185185203,1.0368255999999891
2,30,fixed 0.003,0.6731309394432733,0.2198951672703292,0.003,48,0.4158557636935109,0.6936177777777777,-36.478322666666685
2,30,drift derived,0.6882310444633535,0.28388097830605685,0.033271064666877376,47,0.2314132661158763,0.6750933333333333,-67.02097974468087
2,30,drift adaptive,0.683501555911034,0.27478321869946876,0.07773072805133395,37,0.43603397837076346,0.6717529824561408,0.9506456216216056
2,30,deferral derived,0.6512223889303417,0.24220900519882962,0.004471917293935131,48,0.35741107001860023,0.6936177777777777,-74.957656
2,30,deferral adaptive,0.43818438909706986,0.22935661755408876,2.0,20,0.5231235856700017,0.38115555555555575,2.592063999999991
2,31,fixed 0.003,0.44798802081616734,0.18132745152228086,0.003,48,0.37923106935278844,0.6993066666666667,24.546802666666682
2,31,drift derived,0.31699308950408017,0.22694305251881558,0.033271064666877376,47,0.2871170365843044,0.6779377777777778,-84.64858961702129
2,31,drift adaptive,0.44767909530431027,0.21713950576862948,0.053082268714987155,39,0.34389379802096304,0.6723840000000005,-14.35497025641027
2,31,deferral derived,0.3827843311049289,0.2139940467489884,0.004471917293935131,48,0.3413339390110277,0.6993066666666667,-23.257098666666668
2,31,deferral adaptive,0.44839226873368215,0.21103530791826883,0.015670759230760726,32,0.43125840066777427,0.5826021052631584,-13.779812000000016
2,32,fixed 0.003,0.3235080959219057,0.14809429468181703,0.003,48,0.34067503350423295,0.6985955555555553,1.8392960000000091
2,32,drift derived,0.39043517596529564,0.1885876238600928,0.033271064666877376,47,0.20573933357903995,0.6758044444444445,-79.75371165957448
2,32,drift adaptive,0.48033361770501914,0.21588658591279716,0.05652004555694166,37,0.3535732942959646,0.6726512280701759,-6.501092324324339
2,32,deferral derived,0.4051428717490499,0.15041402088632622,0.004471917293935131,48,0.2979437654089269,0.6921955555555553,-81.65628533333334
2,32,deferral adaptive,1.05954258369309,0.40314637522354835,2.0,20,0.30413380432796994,0.38305185185185203,2.5920639999999917
2,33,fixed 0.003,0.26651838996761806,0.12957894714058027,0.003,48,0.41084434610615644,0.6921955555555556,14.039778666666654
2,33,drift derived,0.2474076985094532,0.14715051661180825,0.033271064666877376,47,0.25429192229283143,0.6765155555555556,-91.20747302127661
2,33,drift adaptive,0.2490194901774383,0.13887137440551356,0.05437205484041436,40,0.3079176351501546,0.6894933333333337,-40.567628800000016
2,33,deferral derived,0.22209500156945136,0.12005687913795668,0.004471917293935131,48,0.37803818985876614,0.6921955555555556,-61.60570933333336
2,33,deferral adaptive,0.44319833427487804,0.17972237846410788,2.0,20,0.5663139365837099,0.38400000000000023,4.665715199999989
2,34,fixed 0.003,0.2199597381832113,0.22340849737418622,0.003,48,0.36752072000491953,0.6921955555555557,-12.118288000000016
2,34,drift derived,0.20112555042565344,0.21929175867537556,0.033271064666877376,47,0.24483983288419695,0.6765155555555556,-75.02195472340428
2,34,drift adaptive,0.1584934381285783,0.19038127598927376,0.05288085486645321,38,0.40832721958112206,0.6924575438596496,-15.546445473684226
2,34,deferral derived,0.20514146885575893,0.2963714539663362,0.004471917293935131,48,0.3468150981515037,0.6921955555555557,-55.61072533333331
2,34,deferral adaptive,0.35226170066764256,0.25838859953349275,2.0,20,0.39093782095686264,0.38305185185185203,2.412787199999991
2,35,fixed 0.003,0.24346246837171037,0.17991079151988448,0.003,48,0.3530634762090565,0.6964622222222221,-15.057045333333335
2,35,drift derived,0.456682459865664,0.20929066196022647,0.033271064666877376,46,0.1958948506031229,0.6940197101449278,-87.08068452173914
2,35,drift adaptive,0.32540026597824,0.20992969119309082,0.06084448776054448,37,0.3981610970834605,0.6744477192982461,-9.915059891891907
2,35,deferral derived,0.2739408066983732,0.16193958800593133,0.004471917293935131,48,0.29834065921875325,0.6957511111111111,-59.11416
2,35,deferral adaptive,0.45814357697284536,0.492986644819773,1.3148775757116495,28,0.28472637562807357,0.5379792592592597,2.159245714285705
2,36,fixed 0.003,0.3468077144172468,0.12180642700107659,0.003,48,0.48615394872481127,0.6936177777777778,35.89151999999995
2,36,drift derived,0.45376747761901,0.15689420479992985,0.033271064666877376,47,0.3262371077846998,0.6772266666666669,-77.25762995744682
2,36,drift adaptive,0.4546040620234255,0.16438255078507386,0.05089495516452946,39,0.4182319002240054,0.6715306666666672,-19.51981292307694
2,36,deferral derived,0.3894085339220497,0.11296135683381071,0.004471917293935131,48,0.45932672158409793,0.6943288888888889,-25.64291466666671
2,36,deferral adaptive,0.2557461262440371,0.19002280252683798,2.0,22,0.45523783129607653,0.42012444444444474,2.765608727272719
2,37,fixed 0.003,0.39287090910077005,0.1323732286057318,0.003,48,0.4674145860091048,0.6886400000000001,-53.89009866666665
2,37,drift derived,0.5420835071792233,0.16312841006585643,0.033271064666877376,46,0.2794816558847196,0.6940197101449278,-75.56542330434785
2,37,drift adaptive,0.5225906406529444,0.1781432821375683,0.05633065094992448,39,0.300658995971712,0.6706773333333338,-30.651090051282065
2,37,deferral derived,0.4269965441780123,0.14279423049021875,0.004471917293935131,48,0.40402430508425785,0.6886400000000001,-89.41304533333334
2,37,deferral adaptive,0.5954955606736128,0.24877236005459888,2.0,20,0.3669031057366908,0.3840000000000002,1.0368255999999876
2,38,fixed 0.003,0.3663379981733278,0.16082938667702934,0.003,48,0.4032143078135699,0.6900622222222222,-60.187045333333344
2,38,drift derived,0.292663136022223,0.19405865648944381,0.033271064666877376,47,0.24460883516784201,0.6750933333333335,-72.71659846808512
2,38,drift adaptive,0.7577740925517984,0.39550129821966024,0.047944645282290164,39,0.1564265658878009,0.6715306666666672,-20.871404307692327
2,38,deferral derived,0.3423478410333325,0.17292835529403525,0.004471917293935131,48,0.3500655600468147,0.6893511111111111,-73.91494666666668
2,38,deferral adaptive,0.2429671433721163,0.1792710169195909,1.9093435000849273,24,0.5020027853850303,0.4581451851851855,0.7612426666666604
2,39,fixed 0.003,0.2562517378318908,0.18506944073595918,0.003,48,0.4074455391489957,0.6964622222222223,-60.05105866666668
2,39,drift derived,0.3271695305755051,0.32582850188316576,0.033271064666877376,47,0.27732616523116066,0.6800711111111112,-73.49918229787237
2,39,drift adaptive,0.33527190903930854,0.22773041024821494,0.06733508015073211,37,0.4252231402761643,0.6780407017543865,-12.035469837837853
2,39,deferral derived,0.26455061317248635,0.20321374830671113,0.004471917293935131,48,0.3673296185065318,0.6964622222222223,-100.76046133333334
2,39,deferral adaptive,0.254485851472888,0.21456683609843574,1.9107631767165494,26,0.367232638486611,0.4999585185185188,1.05208123076922
3,10,fixed 0.003,0.24705172005594056,0.1254280417808038,0.003,36,0.34415347264494783,0.5196799999999999,-152.12663111111112
3,10,drift derived,0.4055269397567214,0.23539308334854556,0.033271064666877376,36,0.15144682201460574,0.5154133333333333,-124.92576000000001
3,10,drift adaptive,0.32737263298531266,0.15700558424904965,0.04817863829289501,35,0.15637683396050933,0.5147428571428571,-104.06785828571428
3,10,deferral derived,0.2172541354356169,0.13494662558411047,0.004471917293935131,36,0.2677128266387277,0.5189688888888888,-161.5024711111111
3,10,deferral adaptive,0.3410903693467601,0.1410678199436603,0.003556487607130464,30,0.30085645746958356,0.5141333333333333,-58.090269866666695
3,11,fixed 0.003,0.4199106142643026,0.1860396708504814,0.003,36,0.3331068260629762,0.5168355555555555,-93.76888533333336
3,11,drift derived,0.3355198478153017,0.17512756663286422,0.033271064666877376,36,0.22023851010876452,0.5161244444444444,-135.82450133333336
3,11,drift adaptive,0.33845324012327754,0.17053851270366008,0.047910841056813584,34,0.2344796106553318,0.5162917647058823,-84.94190682352942
3,11,deferral derived,0.2887795694778503,0.16246449760442727,0.004471917293935131,36,0.3679028559496868,0.5168355555555555,-143.93684622222221
3,11,deferral adaptive,0.3850767959395108,0.19308226943419232,2.0,28,0.5278522301447408,0.5132800000000001,0.37029485714284627
3,12,fixed 0.003,0.3120067258304516,0.13350918410402868,0.003,36,0.5003880331300029,0.5161244444444445,-84.84498133333335
3,12,drift derived,0.3486295532909401,0.17952019797578025,0.033271064666877376,36,0.2810966153509715,0.5154133333333333,-139.735104
3,12,drift adaptive,0.3467777129373595,0.14534165357761986,0.045419073590975245,35,0.2790654022849785,0.5154742857142857,-116.36896914285714
3,12,deferral derived,0.3198149910396844,0.12999291303774507,0.004471917293935131,36,0.43209404588407385,0.5154133333333333,-85.88190933333333
3,12,deferral adaptive,0.331329187611818,0.1690418464673015,0.005937522146779351,29,0.4598365352102833,0.5132800000000001,-47.52643531034484
3,13,fixed 0.003,0.40641486884152533,0.1501941121580354,0.003,36,0.4131490511420781,0.5182577777777777,-104.57923911111112
3,13,drift derived,0.3475930173593825,0.22227522834618138,0.033271064666877376,36,0.24464961798206147,0.5147022222222223,-130.8031786666667
3,13,drift adaptive,0.3611926486654657,0.23166374391417371,0.04820445496826342,34,0.2581813258302817,0.5147858823529412,-78.87162729411766
3,13,deferral derived,0.41634198273745054,0.2122828977759508,0.004471917293935131,36,0.34586494600675644,0.5168355555555555,-97.54419911111114
3,13,deferral adaptive,0.3033558203817355,0.16561900755332623,0.005692121970233582,28,0.36654348916433843,0.5141942857142857,-49.197504000000016
3,14,fixed 0.003,0.41394085481936427,0.21175601180676615,0.003,36,0.30587662315709907,0.5168355555555555,-95.1202737777778
3,14,drift derived,0.47698952164005315,0.20941727612770047,0.033271064666877376,36,0.10122057997902623,0.5147022222222223,-153.77849955555558
3,14,drift adaptive,0.4348139832370465,0.1992539621323409,0.04421799855251701,31,0.07282915921997946,0.5149316129032259,-94.0465135483871
3,14,deferral derived,0.4098067041745033,0.2120116550647547,0.004471917293935131,36,0.23635879864792017,0.5168355555555555,-98.74393600000002
3,14,deferral adaptive,0.4839355288779297,0.19633374291402733,0.003903961046175265,29,0.2356489850603677,0.5132800000000001,-76.31045296551726
3,15,fixed 0.003,0.4159470292449621,0.20350234084081167,0.003,36,0.42696459933195335,0.5189688888888888,-91.71746844444445
3,15,drift derived,0.4292059770199414,0.20269107591527302,0.033271064666877376,36,0.25920331730895707,0.5154133333333333,-126.32918400000001
3,15,drift adaptive,0.44324583450591504,0.2050712029264957,0.04782196302398465,34,0.2969425109509802,0.5155388235294117,-87.27721411764708
3,15,deferral derived,0.4384391871740732,0.21893363341752992,0.004471917293935131,36,0.3731084364699209,0.5189688888888888,-97.79010844444446
3,15,deferral adaptive,0.4736560825182317,0.2106021903977192,0.003792677507583132,30,0.40526707459460526,0.51584,-67.24592213333335
3,16,fixed 0.003,0.3670298262184585,0.2869828625576198,0.003,36,0.25972858331326143,0.5189688888888889,-75.20179555555556
3,16,drift derived,0.30773102152071724,0.20034218446688817,0.033271064666877376,36,0.1470031368314018,0.5161244444444445,-140.8939768888889
3,16,drift adaptive,0.2698851316410024,0.2564125143596062,0.04530688958010793,32,0.15024124121604215,0.51488,-105.520148
3,16,deferral derived,0.3313364037893983,0.28374630725420447,0.004471917293935131,36,0.2031896880207084,0.5203911111111111,-101.23048177777777
3,16,deferral adaptive,0.3455739468253475,0.16440029305689158,0.003654639181906181,30,0.28590289196858915,0.5166933333333333,-74.69502293333335
3,17,fixed 0.003,0.5489249265849377,0.26119168037291085,0.003,36,0.3397414592636668,0.5175466666666666,-145.8464888888889
3,17,drift derived,0.4754627791966382,0.2584408043908227,0.033271064666877376,36,0.182068244331008,0.5168355555555555,-141.55155200000002
3,17,drift adaptive,0.5091403202785887,0.25922593272274314,0.048227904077695914,34,0.18329977107263223,0.5162917647058823,-94.82989176470588
3,17,deferral derived,0.5420445141675307,0.2635340504165531,0.004471917293935131,36,0.27493344182999324,0.5175466666666666,-150.10428444444446
3,17,deferral adaptive,0.3356217881693338,0.2204854248174898,0.004807859022248349,29,0.3071526440034315,0.5132800000000001,-56.45933020689656
3,18,fixed 0.003,1.1929437547285346,0.7833641531059705,0.003,36,0.2488235918578311,0.5175466666666666,-111.99309511111109
3,18,drift derived,1.2019923651111628,0.9150299820447642,0.033271064666877376,36,0.08840918395474667,0.5161244444444444,-142.42189511111113
3,18,drift adaptive,1.250770947559493,0.8868749271660378,0.04338411448441957,32,0.09623860267414092,0.51568,-88.66847200000001
3,18,deferral derived,1.08509994136083,0.7667770833646219,0.004471917293935131,36,0.22175735595680282,0.5168355555555555,-118.23989688888888
3,18,deferral adaptive,1.0947979247745347,0.8700626965209864,0.004173107097200361,29,0.22268372537923994,0.5150455172413794,-71.44105048275863
3,19,fixed 0.003,0.357714197059429,0.15558606401789032,0.003,36,0.4052136503004023,0.5147022222222222,-55.31162666666668
3,19,drift derived,0.4824911364907734,0.1933147798678387,0.033271064666877376,36,0.2813666590250328,0.5147022222222222,-113.991424
3,19,drift adaptive,0.48810599798126914,0.1874848434683407,0.05623503415921987,34,0.33613535441493547,0.5147858823529411,-63.17590211764708
3,19,deferral derived,0.343808842542612,0.16527323619376957,0.004471917293935131,36,0.3379914886041251,0.5147022222222222,-70.8497351111111
3,19,deferral adaptive,0.4567612756751289,0.23060391179925505,0.0035872630018975765,30,0.3125844238633474,0.5132800000000001,-66.46179413333336
3,20,fixed 0.003,0.5376866605570553,0.24214799764648173,0.003,36,0.2805392286117979,0.5196799999999999,-109.69452088888892
3,20,drift derived,0.5925015684950006,0.20160221663372027,0.033271064666877376,36,0.18499002674573461,0.5147022222222223,-119.39293866666668
3,20,drift adaptive,0.5945250719513334,0.20021824813953107,0.05053593887120007,34,0.18321191025479974,0.5147858823529412,-70.05377505882353
3,20,deferral derived,0.5816890745799816,0.23761901969891308,0.004471917293935131,36,0.22025147537900536,0.520391111111111,-129.69796622222222
3,20,deferral adaptive,0.6821372898463066,0.22164724213333872,2.0,28,0.43895789618987247,0.5141942857142857,-1.0987738496837096e-14
3,21,fixed 0.003,0.7270293753570576,0.146391216016184,0.003,36,0.3774998912321419,0.5189688888888888,-121.47521422222225
3,21,drift derived,0.4905710326046269,0.17032510673168985,0.033271064666877376,36,0.2348502452925961,0.5161244444444445,-137.59612800000002
3,21,drift adaptive,0.47852506683361956,0.20444283975699357,0.04705035714881,31,0.28095088005213403,0.5157574193548387,-74.22560619354839
3,21,deferral derived,0.49080525733624636,0.13444332005997994,0.004471917293935131,36,0.3212482850882627,0.5196799999999999,-109.940768
3,21,deferral adaptive,0.4669815783522506,0.15833696181520956,2.0,28,0.5688542690095503,0.5151085714285715,0.383446857142845
3,22,fixed 0.003,0.36304865276918247,0.30889890616365206,0.003,36,0.2586057472532598,0.5161244444444445,-151.2620622222222
3,22,drift derived,0.3600669053315763,0.330040424022108,0.033271064666877376,36,0.0891477341460627,0.5139911111111111,-130.64688711111114
3,22,drift adaptive,0.3664182887191993,0.39857697350209526,0.04354202946943712,31,0.1205350641473096,0.5141058064516129,-100.40757677419357
3,22,deferral derived,0.34621967115743874,0.27056014384985516,0.004471917293935131,36,0.2005197416095722,0.5161244444444445,-148.7327288888889
3,22,deferral adaptive,0.3441719264424162,0.21948199510901645,0.0038522938699976604,29,0.21954348619091818,0.5141627586206896,-71.11636303448279
3,23,fixed 0.003,0.40587057177194114,0.20193965730037267,0.003,36,0.41165092139421416,0.5196799999999999,-137.78436622222222
3,23,drift derived,0.8307734924628393,0.24100046707873554,0.033271064666877376,36,0.24767047023679278,0.5161244444444445,-131.0615786666667
3,23,drift adaptive,0.8429054983769609,0.21175917731951463,0.044188194058936356,34,0.26026964023409915,0.5162917647058823,-99.59442823529413
3,23,deferral derived,0.4249723985193269,0.2106293521623796,0.004471917293935131,36,0.35207034635854234,0.5182577777777777,-127.52262755555554
3,23,deferral adaptive,0.4595989906938176,0.23446193859679054,0.00490983049928646,30,0.43831774261404427,0.5141333333333333,-47.96338346666668
3,24,fixed 0.003,0.4171618738409418,0.37971276053199404,0.003,36,0.3358040901768911,0.5189688888888888,-112.30847999999999
3,24,drift derived,0.5159763155224713,0.6558665789405815,0.033271064666877376,36,0.19586758095514337,0.5161244444444444,-163.17649422222223
3,24,drift adaptive,0.4397819652021374,0.5825449592634315,0.048847986856800016,34,0.22510417462381582,0.5162917647058823,-119.02889411764706
3,24,deferral derived,0.43813490766123725,0.3982595459936049,0.004471917293935131,36,0.27149770936086387,0.5189688888888888,-121.95564088888887
3,24,deferral adaptive,0.4329854197104149,0.40525894613615077,0.003598823244402606,30,0.357534758901425,0.51584,-67.08843520000002
3,25,fixed 0.003,0.5817544959095946,0.1877372698135538,0.003,36,0.29748047162521657,0.5189688888888888,-78.08452266666667
3,25,drift derived,0.5541094995721593,0.2831773942059332,0.033271064666877376,36,0.11132829758235993,0.5189688888888888,-172.8700871111111
3,25,drift adaptive,0.581175272268338,0.25267735286629567,0.04477552984859065,32,0.07583479528988665,0.5164799999999999,-97.28729600000001
3,25,deferral derived,0.5987535049200963,0.18747152468437764,0.004471917293935131,36,0.23049641612717117,0.5189688888888888,-119.03827199999998
3,25,deferral adaptive,0.42514395340644345,0.22495219040769757,0.004678122241021329,30,0.2315220215157283,0.51584,-55.019468800000006
3,26,fixed 0.003,0.3626283917694487,0.17221161312109284,0.003,36,0.2625408125821291,0.5182577777777778,-89.58054044444448
3,26,drift derived,0.4413749252779145,0.24953385211326856,0.033271064666877376,36,0.11381218274920318,0.5175466666666667,-130.8689066666667
3,26,drift adaptive,0.40162853832031487,0.28131816255719555,0.044811703623250154,32,0.10110895631458053,0.51568,-73.55596800000001
3,26,deferral derived,0.3246435138474255,0.20579839606222106,0.004471917293935131,36,0.19035050810126833,0.5189688888888888,-88.85320533333336
3,26,deferral adaptive,0.4659194941982095,0.27718119435394384,0.005280793069277757,30,0.2845700124069318,0.5141333333333333,-50.51839573333335
3,27,fixed 0.003,0.4155518191744469,0.1527436278023792,0.003,36,0.3943287746658034,0.5182577777777777,-82.48219733333329
3,27,drift derived,0.20444777977976114,0.18748811909702415,0.033271064666877376,36,0.2077219171339354,0.51328,-127.57904000000002
3,27,drift adaptive,0.20287462165954268,0.18591082380381233,0.04599369776359672,34,0.21931306823387314,0.5132800000000001,-100.04012047058825
3,27,deferral derived,0.28825439021803806,0.15721709271687356,0.004471917293935131,36,0.3211298699162063,0.5182577777777777,-106.20443022222223
3,27,deferral adaptive,0.38003554020857744,0.2350948227005931,0.0038687277049749506,29,0.32507349044227984,0.5132800000000001,-65.6680871724138
3,28,fixed 0.003,0.3270583100030514,0.19122812727654706,0.003,36,0.3194447018586194,0.5147022222222223,-78.56282311111117
3,28,drift derived,0.38643981864358806,0.24357214346381031,0.033271064666877376,36,0.1354190321892976,0.5139911111111111,-147.78542933333335
3,28,drift adaptive,0.38926228287313586,0.24660998501497242,0.043116903736704196,34,0.14145830460566572,0.5140329411764706,-120.21538635294118
3,28,deferral derived,0.2980972707908353,0.19033346326294723,0.004471917293935131,36,0.23380774837379892,0.5147022222222223,-116.14435199999997
3,28,deferral adaptive,0.3971808973944165,0.22851741696647146,0.005892189019386857,29,0.278464441155032,0.5132800000000001,-46.040064000000015
3,29,fixed 0.003,0.2994733041185608,0.14935919585039353,0.003,36,0.36989864135036593,0.5175466666666666,-91.31489777777782
3,29,drift derived,0.27683431838986045,0.2047698493121706,0.033271064666877376,36,0.1726966116406537,0.5147022222222223,-128.90623644444446
3,29,drift adaptive,0.29470859245575626,0.206105508938079,0.04418725452532158,32,0.17894382835138312,0.51488,-94.46132800000001
3,29,deferral derived,0.29048041885829085,0.14964956536230634,0.004471917293935131,36,0.27785294480006056,0.5168355555555555,-114.88497777777778
3,29,deferral adaptive,0.36173684579825643,0.22456077778430963,0.0035556282849803326,30,0.3300919089470211,0.5141333333333333,-54.839543466666676
3,30,fixed 0.003,0.33932132529162795,0.21625190583110424,0.003,36,0.22264003049074527,0.5182577777777777,-86.83228444444444
3,30,drift derived,0.4262948544136904,0.2930692944196437,0.033271064666877376,36,0.09892223111280678,0.5154133333333333,-145.1005368888889
3,30,drift adaptive,0.3645371580998233,0.2922146764041123,0.04862424939813753,35,0.1108684867430521,0.5154742857142857,-115.65509851428573
3,30,deferral derived,0.37030130644986387,0.2136294808587197,0.004471917293935131,36,0.18419017441398697,0.5182577777777777,-117.25207822222221
3,30,deferral adaptive,0.6018317584544902,0.5082042717123362,0.004023332496704761,30,0.17790135229670145,0.5149866666666667,-62.037691733333354
3,31,fixed 0.003,0.2905862368119911,0.21658230564540423,0.003,36,0.31472476218115353,0.5182577777777777,-138.03868444444444
3,31,drift derived,0.3175467089816333,0.2556414679619102,0.033271064666877376,36,0.11937979719724155,0.5168355555555555,-136.04770488888892
3,31,drift adaptive,0.3388234715954881,0.2811418261035307,0.04490975915349508,31,0.13339964327663148,0.5157574193548387,-90.4372892903226
3,31,deferral derived,0.22104438354694614,0.2461896112288346,0.004471917293935131,36,0.25350455255924353,0.5182577777777777,-161.83552355555557
3,31,deferral adaptive,0.30883393920439545,0.22828950192793535,0.00372204609433036,30,0.3092140509324581,0.5141333333333333,-73.21810346666668
3,32,fixed 0.003,0.6379214909659204,0.43984507671613243,0.003,36,0.34979108248875446,0.5182577777777777,-156.59139911111112
3,32,drift derived,0.6846792265100855,0.33369636738155745,0.033271064666877376,36,0.2219356701821862,0.5154133333333333,-143.3429297777778
3,32,drift adaptive,0.6985361519236409,0.3665754085913022,0.04479122538838458,33,0.23492719276512353,0.5156072727272727,-101.22566981818183
3,32,deferral derived,0.6448969862946748,0.45784874961752153,0.004471917293935131,36,0.30336604098811265,0.5182577777777778,-163.55203911111113
3,32,deferral adaptive,0.6154748499946062,0.35889826268485514,2.0,28,0.47692951171732423,0.5141942857142857,0.31733485714284576
3,33,fixed 0.003,0.7733414181123275,0.6131919776876993,0.003,36,0.32785443375825696,0.5189688888888888,-96.68239288888884
3,33,drift derived,0.7343755605821498,0.49126307981981754,0.033271064666877376,36,0.11213817230914369,0.5139911111111111,-156.20553955555553
3,33,drift adaptive,0.8084473441071174,0.3584838388261861,0.044566476367248906,33,0.15014492363672893,0.5140557575757576,-111.24016096969697
3,33,deferral derived,0.8130350086321646,0.6306440462169555,0.004471917293935131,36,0.2677530948580647,0.5161244444444444,-107.07168711111107
3,33,deferral adaptive,0.7454890959078478,0.3899576646324393,0.005018200255250776,29,0.27264157280401125,0.5132800000000001,-54.83164689655173
3,34,fixed 0.003,0.37413242738474783,0.24522011924219125,0.003,36,0.2694194483772139,0.5225244444444443,-128.37304533333335
3,34,drift derived,0.38613724502389957,0.345266307515392,0.033271064666877376,36,0.13875329573280995,0.5182577777777777,-158.55414044444447
3,34,drift adaptive,0.3964058088271167,0.33348191901001006,0.04617953807447673,34,0.1458758501797383,0.5185505882352941,-129.88378352941177
3,34,deferral derived,0.3675820577965645,0.24016429762168162,0.004471917293935131,36,0.23252796726335237,0.5218133333333331,-141.6150613333333
3,34,deferral adaptive,0.38915002560642814,0.2989421916134768,0.003064791994000202,32,0.25928982930200417,0.51728,-99.62182400000002
3,35,fixed 0.003,0.5385133611672598,0.16702373340904478,0.003,36,0.34167608529266197,0.5154133333333333,-88.62398577777782
3,35,drift derived,0.719220740873976,0.21986465865724086,0.033271064666877376,36,0.17042727579160197,0.5139911111111111,-135.1122808888889
3,35,drift adaptive,0.6905899988636925,0.20871458542400134,0.04287798430360513,31,0.1615804610697818,0.5141058064516129,-77.02317419354841
3,35,deferral derived,0.5319124756295451,0.16878529907114023,0.004471917293935131,36,0.2957938697139724,0.5147022222222222,-120.52621511111111
3,35,deferral adaptive,0.7237204343435175,0.1885919300345505,0.003266297064155032,30,0.275965548019871,0.5132800000000001,-86.35110826666666
3,36,fixed 0.003,0.26587624851198144,0.14837740554135978,0.003,36,0.4262137696211244,0.5168355555555555,-125.88897422222223
3,36,drift derived,0.19660616099859146,0.19549669558127705,0.033271064666877376,36,0.23360356816748964,0.5147022222222222,-129.42189866666666
3,36,drift adaptive,0.16524731279601879,0.20361905298877228,0.04572501001907144,33,0.23523251848159854,0.5140557575757576,-85.2429575757576
3,36,deferral derived,0.2639753796170435,0.1345897854057709,0.004471917293935131,36,0.3659546191322649,0.5154133333333333,-109.48501688888888
3,36,deferral adaptive,0.23467985686719886,0.19146679583309217,0.0037430027308580365,29,0.35435396572147937,0.5141627586206896,-76.86765020689656
3,37,fixed 0.003,0.51141825250823,0.14295865987208145,0.003,36,0.2930099313888283,0.5211022222222221,-84.43335111111112
3,37,drift derived,0.5230368913020214,0.19316156008820942,0.033271064666877376,36,0.18682874124443172,0.5175466666666666,-138.52877155555555
3,37,drift adaptive,0.5545494773238044,0.2025905944465215,0.043676705225814336,32,0.20465540724279987,0.51728,-86.659912
3,37,deferral derived,0.4970494669155728,0.14956017527638935,0.004471917293935131,36,0.23919874113824324,0.520391111111111,-81.86591288888889
3,37,deferral adaptive,0.5569203609917502,0.22001764498383236,0.004293780483444789,30,0.3298006380453552,0.51584,-64.35978666666668
3,38,fixed 0.003,0.38981419405760753,0.19972514306286238,0.003,36,0.3892536468377197,0.5239466666666667,-83.18809955555564
3,38,drift derived,0.4833952853642833,0.2519336072752704,0.033271064666877376,36,0.2311529709239491,0.5175466666666667,-135.87467022222222
3,38,drift adaptive,0.5013459083956685,0.24812300017295746,0.048751747709989086,34,0.2429635888238107,0.5177976470588236,-88.69381647058826
3,38,deferral derived,0.42344890332991153,0.2145688826934879,0.004471917293935131,36,0.3201514273981806,0.5246577777777778,-127.49406577777778
3,38,deferral adaptive,0.5429351828277809,0.3116763752903176,0.004692504094862841,30,0.3745977803060096,0.51584,-45.16032426666668
3,39,fixed 0.003,0.3863343619681069,0.24853274384832602,0.003,36,0.3492311172682734,0.5239466666666667,-120.93799466666668
3,39,drift derived,0.29566080329578914,0.3181609666387209,0.033271064666877376,36,0.1681434958348224,0.5154133333333333,-125.22961422222222
3,39,drift adaptive,0.3050529110652517,0.29571579104837203,0.0473016844974638,33,0.15846865644960517,0.5156072727272727,-78.46048581818184
3,39,deferral derived,0.43921753347426923,0.2668380946458376,0.004471917293935131,36,0.2937008540282369,0.5239466666666667,-122.86325333333336
3,39,deferral adaptive,0.3934673299082846,0.32554400043609083,0.0050501346951252225,28,0.28337778998036944,0.5169371428571429,-49.52085942857144
4,10,fixed 0.003,0.21598001645101733,0.1433214931336643,0.003,48,0.39316124842139993,0.6907733333333325,-89.11595200000001
4,10,drift derived,0.34514767347532976,0.22662686595957232,0.033271064666877376,48,0.15307728310972435,0.6886399999999991,-148.48808266666668
4,10,drift adaptive,0.35917583020675137,0.1837356224653885,0.04298780802364586,46,0.15403808407341113,0.6880834782608689,-102.5893926956522
4,10,deferral derived,0.2974462419693052,0.14809022928295412,0.004471917293935131,48,0.3215794362383289,0.6900622222222212,-85.23292
4,10,deferral adaptive,0.4679441471219306,0.40820264195240985,0.003419386039805265,41,0.2630570919345087,0.6852058536585363,-67.45984936585367
4,11,fixed 0.003,0.3153015928544494,0.13728011180347,0.003,48,0.4021747632611193,0.6921955555555547,-13.679776000000105
4,11,drift derived,0.2711761076878756,0.2347689319514607,0.033271064666877376,48,0.21463963499434843,0.687928888888888,-129.01569866666668
4,11,drift adaptive,0.28052292161587555,0.2373045822265331,0.04219469941558389,48,0.22670972204164627,0.6893511111111102,-100.12589600000001
4,11,deferral derived,0.2940409978876397,0.19391172997960596,0.004471917293935131,48,0.34985490784909395,0.6921955555555547,-45.62148000000002
4,11,deferral adaptive,0.4433258390114022,0.2659362313816954,0.002820635596815471,48,0.33833743274825046,0.687928888888888,-76.75635733333336
4,12,fixed 0.003,0.4527931921896023,0.20299687033610167,0.003,48,0.431936745851136,0.6907733333333324,-69.41504266666671
4,12,drift derived,0.48985515627118653,0.15756860211141396,0.033271064666877376,48,0.22210887571800284,0.6857955555555547,-122.88874666666668
4,12,drift adaptive,0.48797189301936406,0.15774173805460925,0.040895963188546276,48,0.26002403594128376,0.6857955555555547,-84.69554133333334
4,12,deferral derived,0.4539251753103098,0.14066917752401117,0.004471917293935131,48,0.3800331842858305,0.6886399999999991,-100.93345066666666
4,12,deferral adaptive,0.6062187958167233,0.16790786010824546,0.003679729729100961,48,0.40587374730006576,0.6843733333333325,-70.22711466666668
4,13,fixed 0.003,0.4100881418116624,0.1356919638693621,0.003,48,0.4594389878451733,0.6907733333333325,-51.11825600000011
4,13,drift derived,0.6316871804505411,0.2007040975342887,0.033271064666877376,48,0.21681132513703574,0.6886399999999991,-138.91110400000002
4,13,drift adaptive,0.6396892430146944,0.21580523811707827,0.039073998800699145,48,0.21567316860580912,0.6865066666666659,-113.74430666666667
4,13,deferral derived,0.7019045233903015,0.12736398566777113,0.004471917293935131,48,0.4043791991284819,0.6914844444444436,-35.910162666666686
4,13,deferral adaptive,0.6363877027895195,0.17858323784429883,2.0,48,0.6172802330272832,0.6857955555555548,0.8640213333333199
4,14,fixed 0.003,0.6022468733458766,0.172755210452813,0.003,48,0.2994349303577697,0.6914844444444436,-81.27726400000002
4,14,drift derived,0.2988948725793986,0.26254312918972755,0.033271064666877376,48,0.13876475762042587,0.6886399999999991,-167.624264
4,14,drift adaptive,0.4037264070959762,0.2659562502201035,0.04106619569321259,44,0.14994133325009895,0.6882521212121206,-109.80949236363637
4,14,deferral derived,0.650403943578311,0.21846261246060464,0.004471917293935131,48,0.23664876898851692,0.6886399999999991,-81.48183466666667
4,14,deferral adaptive,0.3603029988212684,0.3013045889626745,0.003065618621996109,43,0.30980147236330496,0.6851671317829453,-88.53022958139535
4,15,fixed 0.003,0.6439369470782363,0.309181413092225,0.003,48,0.32656624709539606,0.6914844444444436,-111.6487413333333
4,15,drift derived,0.4534869367013147,0.34604606181342856,0.033271064666877376,48,0.14437353626522095,0.6893511111111102,-149.33593866666666
4,15,drift adaptive,0.493333900033028,0.3708051856179333,0.04000056559615225,48,0.14797442565626445,0.6886399999999991,-128.55278666666666
4,15,deferral derived,0.6259681340927817,0.34599670605270244,0.004471917293935131,48,0.27958166556593245,0.6914844444444436,-111.56526933333332
4,15,deferral adaptive,0.6347665748133192,0.42362348140276956,0.0029476925235962063,48,0.3732997289581231,0.6865066666666659,-69.01374933333334
4,16,fixed 0.003,0.19745829005108012,0.13312182954767093,0.003,48,0.4053465097503321,0.6900622222222215,-33.61941866666675
4,16,drift derived,0.20882333618069626,0.20721268786481528,0.033271064666877376,48,0.16595028144102983,0.6907733333333325,-157.35451200000003
4,16,drift adaptive,0.21673535025239035,0.21346135173621597,0.04020849909165627,48,0.16336169496005631,0.6907733333333325,-115.7315866666667
4,16,deferral derived,0.18544994706070625,0.15579120059850207,0.004471917293935131,48,0.3365203195386313,0.6900622222222215,-43.76913066666676
4,16,deferral adaptive,0.24449916918595185,0.21507353874576302,0.0031019419084897843,48,0.3564311808424465,0.6850844444444436,-86.50026133333336
4,17,fixed 0.003,0.3747900129066203,0.16855318242551526,0.003,48,0.4293207460518362,0.687928888888888,-26.60326133333346
4,17,drift derived,0.39921322149288285,0.13476745002294993,0.033271064666877376,48,0.21634266996517648,0.6850844444444436,-130.05210666666667
4,17,drift adaptive,0.41298369953893543,0.15172624219769307,0.03854001765785579,48,0.18855796924187365,0.6850844444444436,-118.74245866666668
4,17,deferral derived,0.3260220406716452,0.1543691532275543,0.004471917293935131,48,0.3830261922825599,0.6872177777777769,-18.38095733333338
4,17,deferral adaptive,0.35215481787917063,0.1465989628988975,0.0036053435164643314,48,0.3820074070693878,0.6850844444444436,-72.81930933333335
4,18,fixed 0.003,0.2313070282084973,0.14524365277005669,0.003,48,0.3467137467509727,0.6893511111111102,-104.67770666666668
4,18,drift derived,0.28324438477033825,0.21220640630813636,0.033271064666877376,48,0.17651138759984195,0.6893511111111104,-106.03836266666667
4,18,drift adaptive,0.24991757293384637,0.2144655029561277,0.043346568437824945,48,0.17355212677434148,0.6886399999999991,-97.45880800000002
4,18,deferral derived,0.45368762684215513,0.17785457216610062,0.004471917293935131,48,0.2725137198849989,0.6907733333333325,-127.141824
4,18,deferral adaptive,0.2924981417792596,0.3457128252301589,0.0031755318812898147,48,0.35930933695415074,0.6865066666666659,-61.668189333333345
4,19,fixed 0.003,0.32663747013585326,0.22499425136984752,0.003,48,0.4384628169160954,0.6872177777777768,61.17030133333316
4,19,drift derived,0.3540917984588695,0.16534478910077952,0.033271064666877376,48,0.23377940909729636,0.6872177777777769,-147.47416533333333
4,19,drift adaptive,0.3443728316964174,0.16575624610435624,0.039205313088245736,48,0.24218928635760703,0.6872177777777769,-115.76010400000001
4,19,deferral derived,0.35006834613052346,0.2387990968813147,0.004471917293935131,48,0.36307399517735534,0.6872177777777768,-26.82453599999997
4,19,deferral adaptive,0.315090106750993,0.17273164658001164,0.002823899330610242,48,0.3809492164560972,0.6872177777777769,-94.36772
4,20,fixed 0.003,0.38585203259197387,0.1680782632551216,0.003,48,0.3535700537808795,0.6872177777777769,-53.07882666666666
4,20,drift derived,0.39758694389647764,0.19708342883459076,0.033271064666877376,48,0.10262207359744191,0.6865066666666659,-115.64968266666666
4,20,drift adaptive,0.4165975732444159,0.19528789541107552,0.03993436414925348,48,0.11007282985443723,0.6857955555555548,-113.25511200000001
4,20,deferral derived,0.3789670827666388,0.15480527761645269,0.004471917293935131,48,0.29658828165411116,0.6872177777777769,-40.348853333333295
4,20,deferral adaptive,0.40521099839714286,0.24898711131731968,0.004739936537113115,48,0.40453419536733115,0.6843733333333325,-52.51666400000001
4,21,fixed 0.003,0.3914946702635991,0.18228666750226152,0.003,48,0.40384844780077384,0.6872177777777769,-76.58903199999999
4,21,drift derived,0.39360011597136396,0.2041699661476973,0.033271064666877376,48,0.12651232693122658,0.6857955555555548,-153.41066933333335
4,21,drift adaptive,0.39631817497414157,0.19167729589143598,0.04057182361203751,42,0.15849956230186416,0.6868114285714283,-115.05663390476192
4,21,deferral derived,0.3927594561648443,0.14082423768853744,0.004471917293935131,48,0.34147763096898753,0.6865066666666659,-122.00253866666667
4,21,deferral adaptive,0.280710903536901,0.2665694502535192,0.0029110275383767404,42,0.33263916618339556,0.6859987301587299,-81.18551466666668
4,22,fixed 0.003,0.3899252345766538,0.23341174014977328,0.003,48,0.3686826701632313,0.6893511111111104,-42.984762666666676
4,22,drift derived,0.3859240039184775,0.23432313401662017,0.033271064666877376,48,0.11774306987824319,0.687928888888888,-144.81236800000002
4,22,drift adaptive,0.39568133283985074,0.256826829470472,0.04028430735118863,44,0.1269819203406063,0.685924848484848,-98.08488436363636
4,22,deferral derived,0.4188229125681556,0.22805064023959218,0.004471917293935131,48,0.3000892677159332,0.6893511111111104,-67.64140533333334
4,22,deferral adaptive,0.339544938871491,0.2805723100807421,0.0030352407579017234,42,0.29404031898438365,0.6876241269841267,-64.82056838095238
4,23,fixed 0.003,0.2757483511497639,0.1856859760899192,0.003,48,0.4063726027937303,0.6893511111111102,-5.929200000000143
4,23,drift derived,0.43538926593998784,0.4459282339480781,0.033271064666877376,48,0.15634424194236649,0.6857955555555548,-145.07393333333334
4,23,drift adaptive,0.6340470779794993,0.8715896133149936,0.0387566915926791,48,0.18447283055881006,0.6843733333333325,-120.95290933333335
4,23,deferral derived,0.250285071277948,0.20066001472605657,0.004471917293935131,48,0.333011546501057,0.6893511111111102,-53.60288000000003
4,23,deferral adaptive,0.4902760829796484,0.44622203450925846,2.0,48,0.42805102950265245,0.6843733333333325,-0.20833333333334658
4,24,fixed 0.003,0.31572504499404463,0.14490195948596088,0.003,48,0.48582675051624014,0.687928888888888,-59.76205599999997
4,24,drift derived,0.3000300828754961,0.1475698684400075,0.033271064666877376,48,0.2930514368401564,0.6865066666666659,-140.75668
4,24,drift adaptive,0.31348514867748745,0.14962373720404598,0.0410703449425467,44,0.30632273907159796,0.6867006060606056,-99.80386036363637
4,24,deferral derived,0.3028599965807859,0.15481756125600998,0.004471917293935131,48,0.42212066072341486,0.6872177777777769,-75.02718666666665
4,24,deferral adaptive,0.30179525747187846,0.14973041642868304,0.003104851073145796,42,0.3942353626580604,0.6851860317460313,-87.58034590476193
4,25,fixed 0.003,0.27659464680951606,0.2651217369241701,0.003,48,0.331081416025728,0.6900622222222212,-74.26216266666673
4,25,drift derived,0.3102628316473402,0.18045146610963042,0.033271064666877376,48,0.10667460522802001,0.6865066666666659,-123.62001066666669
4,25,drift adaptive,0.3100137317740859,0.18363899408487927,0.04280322897631125,48,0.12551026803715745,0.6865066666666659,-92.0759226666667
4,25,deferral derived,0.26571625579649283,0.15172056000479606,0.004471917293935131,48,0.27405319315367127,0.6886399999999991,-93.289312
4,25,deferral adaptive,0.3916655789472316,0.303225575114471,0.0027263928435397786,48,0.3081081290997864,0.6850844444444436,-100.70528800000001
4,26,fixed 0.003,0.2758515681461597,0.21718217968785802,0.003,48,0.37346448352020234,0.687928888888888,15.914077333333166
4,26,drift derived,0.25366965349499165,0.20085229412692426,0.033271064666877376,48,0.14076294793010888,0.6865066666666659,-147.73664533333334
4,26,drift adaptive,0.22257985202470684,0.21634314406681843,0.040370583160906345,48,0.15076235230707816,0.6865066666666659,-112.27940266666667
4,26,deferral derived,0.3355533476538641,0.22885863335597312,0.004471917293935131,48,0.3068038974634817,0.687928888888888,-27.96373600000007
4,26,deferral adaptive,0.20771492087818788,0.23284792082917996,0.003954973146377726,48,0.40714108014839406,0.6865066666666659,-63.85436266666668
4,27,fixed 0.003,0.3894985307534209,0.13672132278499657,0.003,48,0.42451177308515026,0.6893511111111104,-45.70098400000006
4,27,drift derived,0.4843965882561067,0.19528989647742792,0.033271064666877376,48,0.17187068893621646,0.6865066666666659,-130.91114666666667
4,27,drift adaptive,0.4813500419928606,0.1931260398223198,0.039433923161504215,48,0.15002615413656473,0.6857955555555548,-93.73031200000001
4,27,deferral derived,0.37573515036082483,0.1734371508143007,0.004471917293935131,48,0.3465664925574831,0.6893511111111104,-70.43838133333333
4,27,deferral adaptive,0.42568063145095036,0.19663090638246863,0.002970092100612951,48,0.3426409128263939,0.6850844444444436,-87.84020800000002
4,28,fixed 0.003,0.5665092706058801,0.14185057879959675,0.003,48,0.3243939707233176,0.6886399999999991,-97.54892266666671
4,28,drift derived,1.0386148668923938,0.19773084828518558,0.033271064666877376,48,0.12176810865226877,0.6857955555555548,-151.67538933333336
4,28,drift adaptive,1.21640876530354,0.22871904768512255,0.03892835246947444,48,0.13116084803092118,0.6857955555555548,-117.568368
4,28,deferral derived,0.5941654165653814,0.14967958930304592,0.004471917293935131,48,0.26091919086598275,0.6865066666666659,-89.50782933333336
4,28,deferral adaptive,1.185210045904186,0.2662788364316995,0.0030524904473580427,48,0.30100960556392137,0.6857955555555548,-94.47499733333335
4,29,fixed 0.003,0.22995400688121984,0.16842294610162167,0.003,48,0.37927432989049387,0.6893511111111104,-26.7178133333334
4,29,drift derived,0.40993419138355897,0.20720880670950517,0.033271064666877376,48,0.1410325813830849,0.6872177777777769,-158.5824266666667
4,29,drift adaptive,0.43555732072857495,0.22282475200306612,0.04137829643873174,45,0.14303105629876847,0.6874074074074068,-111.16973226666667
4,29,deferral derived,0.2347504143352932,0.16164329422668905,0.004471917293935131,48,0.33069343385387906,0.6893511111111104,-65.83558133333334
4,29,deferral adaptive,0.4724868610311747,0.24126758468085635,0.002715523286260512,41,0.33974628539477614,0.6868708943089429,-94.44568039024391
4,30,fixed 0.003,0.2904910275507031,0.13295605995900864,0.003,48,0.36409762609770774,0.6900622222222215,-98.20115466666671
4,30,drift derived,0.16053531098666812,0.17879492037112124,0.033271064666877376,48,0.14983163336490188,0.6857955555555547,-147.713144
4,30,drift adaptive,0.15166370591795497,0.19084541655467085,0.0406661273723623,48,0.14687707374348985,0.6857955555555547,-120.59812800000002
4,30,deferral derived,0.2949500905445842,0.1597840391084691,0.004471917293935131,48,0.31034157837749937,0.6872177777777769,-62.74486400000004
4,30,deferral adaptive,0.2616742093257926,0.20935942985713604,0.0029832203570729077,48,0.360572430169893,0.6843733333333325,-80.36772000000002
4,31,fixed 0.003,0.254999475127951,0.15106797992875784,0.003,48,0.256570184529984,0.6921955555555547,-98.17429066666666
4,31,drift derived,0.7846341705738388,0.2157919943516881,0.033271064666877376,48,0.12597844741940656,0.6872177777777769,-133.72011466666666
4,31,drift adaptive,0.7895603404918938,0.2182173611327678,0.04561650043245171,48,0.1256572042485746,0.6872177777777769,-95.49961333333334
4,31,deferral derived,0.269298264059708,0.1568182960525212,0.004471917293935131,48,0.19752336459206124,0.6900622222222215,-120.902992
4,31,deferral adaptive,0.7570177973393221,0.22504408389165823,2.0,48,0.596171963133216,0.6850844444444436,0.0076719999999866895
4,32,fixed 0.003,0.32551322678015976,0.2343759322422495,0.003,48,0.3835911814705188,0.6893511111111102,-112.16152533333337
4,32,drift derived,0.36803864615016796,0.2032692217821,0.033271064666877376,48,0.13807802711339923,0.6872177777777769,-143.12826400000003
4,32,drift adaptive,0.37124675606108604,0.21615806295472198,0.042843556791179675,48,0.13077546214281216,0.6872177777777769,-111.61446400000001
4,32,deferral derived,0.32023790870092866,0.20451170566342777,0.004471917293935131,48,0.3148551693046546,0.6886399999999991,-129.55694400000002
4,32,deferral adaptive,0.37174709605760997,0.21936606883112286,0.004074777197642276,48,0.37394834078198774,0.6857955555555548,-60.74716000000001
4,33,fixed 0.003,0.34166003089950076,0.15130137195082888,0.003,48,0.47748890988827125,0.6865066666666659,-60.64741866666668
4,33,drift derived,0.4958420224512462,0.17433372555446022,0.033271064666877376,48,0.21130211619122208,0.6857955555555547,-147.19416800000002
4,33,drift adaptive,0.4991195071697179,0.1756249408781758,0.03988364186159306,45,0.21597763449088167,0.6851318518518512,-101.17398755555557
4,33,deferral derived,0.387305348441804,0.14940040381312952,0.004471917293935131,48,0.3974947486633062,0.6865066666666659,-58.507661333333324
4,33,deferral adaptive,0.7356929180823021,0.5337581776536119,0.00270036480317924,41,0.2967559925455144,0.6852058536585363,-101.86690497560977
4,34,fixed 0.003,0.16347446806165644,0.122739103010728,0.003,48,0.4595815418867879,0.6921955555555547,-79.91006400000002
4,34,drift derived,0.26798390556973795,0.17364490514183006,0.033271064666877376,48,0.2085647223670889,0.6886399999999991,-132.82859200000001
4,34,drift adaptive,0.2686245568979793,0.18441252902901897,0.040743749077288026,48,0.17590984450244096,0.6865066666666659,-110.22671466666668
4,34,deferral derived,0.1395452230639361,0.13338771140121417,0.004471917293935131,48,0.37768476654004907,0.6907733333333325,-106.77587733333331
4,34,deferral adaptive,0.2407605082449982,0.18227680744680935,0.004237973517198492,48,0.40053558214246326,0.6857955555555548,-63.04073866666668
4,35,fixed 0.003,0.24217790589346339,0.13958184572916765,0.003,48,0.42604568700683276,0.6886399999999991,-78.68089866666672
4,35,drift derived,0.35565780366242433,0.44290061587482676,0.033271064666877376,48,0.16522874731336143,0.6872177777777769,-149.872872
4,35,drift adaptive,0.4161224701703363,0.36570792765771837,0.04504688433394675,48,0.1489174238447735,0.6872177777777769,-110.51132533333335
4,35,deferral derived,0.21280855295986192,0.13912028091452247,0.004471917293935131,48,0.3455770823881516,0.6893511111111104,-118.69757866666669
4,35,deferral adaptive,0.47215087884555235,0.3806555580747438,0.004251765377156416,48,0.3640600282427308,0.6850844444444436,-54.55952000000002
4,36,fixed 0.003,0.6177217994533801,0.16314530252721252,0.003,48,0.44966934148916554,0.6893511111111102,-10.574325333333471
4,36,drift derived,0.23695194878764772,0.13850830363216568,0.033271064666877376,48,0.23261252615331932,0.6850844444444436,-121.72052533333336
4,36,drift adaptive,0.23605235223005078,0.13973288026589298,0.040274731314149576,48,0.25943713754841974,0.6850844444444436,-86.42255733333336
4,36,deferral derived,0.6173532933872952,0.1657500920572801,0.004471917293935131,48,0.3792582563361692,0.6893511111111102,-44.502216000000054
4,36,deferral adaptive,0.20492533134789523,0.13878414945307369,2.0,48,0.6621743347716257,0.6843733333333325,-0.3750000000000134
4,37,fixed 0.003,0.40026086520439064,0.13924012094506272,0.003,48,0.3352862905090077,0.687928888888888,-96.798504
4,37,drift derived,0.3700709604348545,0.17539266210525248,0.033271064666877376,48,0.16090249425961947,0.6850844444444436,-132.483416
4,37,drift adaptive,0.3762496697670633,0.18687316837011808,0.04174594890487425,46,0.169845091969563,0.6851153623188398,-113.13428034782609
4,37,deferral derived,0.40654766479795873,0.1537880345483761,0.004471917293935131,48,0.2811541903029259,0.687928888888888,-106.71807733333333
4,37,deferral adaptive,0.4221908499099838,0.20268998290776113,0.002765354331101903,42,0.30414856334831203,0.6851860317460313,-99.5540419047619
4,38,fixed 0.003,0.4916957545421356,0.14619151064455388,0.003,48,0.4228160193545673,0.6950399999999991,-78.31242133333336
4,38,drift derived,0.3953811378139253,0.1874059591309127,0.033271064666877376,48,0.21499629677698714,0.6893511111111102,-138.5221306666667
4,38,drift adaptive,0.4063814861345477,0.20198240988754607,0.04146760725404061,48,0.21584217731056565,0.6893511111111102,-104.65842133333335
4,38,deferral derived,0.4792427454792429,0.27407458102579185,0.004471917293935131,48,0.3568823336111285,0.6950399999999991,-86.64295733333336
4,38,deferral adaptive,0.73274250522882,0.6832394652704326,0.002795653915159114,48,0.3442273548658393,0.6843733333333325,-105.59007733333335
4,39,fixed 0.003,0.427903194048118,0.40877027686529166,0.003,48,0.4083633895446291,0.6893511111111104,10.47039199999982
4,39,drift derived,0.6707135341331456,0.677704569942383,0.033271064666877376,48,0.18202699155727367,0.6857955555555548,-120.31610133333335
4,39,drift adaptive,0.41568411040972675,0.3981476890125231,0.04156627994794256,48,0.2048414729182824,0.6857955555555548,-89.02642133333336
4,39,deferral derived,0.48301986618403897,0.3601228891565631,0.004471917293935131,48,0.33315104626020337,0.6893511111111104,-64.30434400000003
4,39,deferral adaptive,0.39167516902556504,0.5195089833747318,0.0030142175972841328,48,0.3025985634821171,0.6850844444444436,-95.649336
5,10,fixed 0.003,0.38893085012837586,0.11511301587105092,0.003,60,0.4536923750416631,0.8575999999999986,58.51900159999983
5,10,drift derived,0.44637621494595514,0.1089974595511255,0.033271064666877376,60,0.17993531258347015,0.8575999999999986,-138.3068586666667
5,10,drift adaptive,0.4431964937569351,0.10228399279507432,0.0389346146682517,60,0.17679041122136568,0.8575999999999986,-96.2532096
5,10,deferral derived,0.40406572240864846,0.10759528857194678,0.004471917293935131,60,0.37010270257099087,0.8575999999999986,-10.816121600000038
5,10,deferral adaptive,0.5822690314946156,1.6183768512110082,0.0025578716044642605,60,0.3741752574646236,0.8561777777777763,-104.62571093333335
5,11,fixed 0.003,0.4668349884950267,0.28865686602658647,0.003,60,0.4273945019882422,0.8561777777777763,3.6079893333331654
5,11,drift derived,0.5451090843996671,0.6110966141560352,0.033271064666877376,60,0.15768001967992154,0.8554666666666652,-109.28835200000003
5,11,drift adaptive,0.5402972545758785,0.6360957972204061,0.04293808404128755,60,0.20025309132536778,0.8554666666666652,-83.4749162666667
5,11,deferral derived,0.6246224535839223,0.6091120226386428,0.004471917293935131,60,0.36337247055326327,0.8561777777777763,-24.541730133333356
5,11,deferral adaptive,0.5561111661270886,0.8491790459890494,0.0026207362666026877,60,0.3716219592090887,0.8554666666666652,-94.871424
5,12,fixed 0.003,0.531865590990141,0.6741370318903938,0.003,60,0.4809296522816226,0.8561777777777763,61.0270357333332
5,12,drift derived,0.3754315054050849,0.16456527139583035,0.033271064666877376,60,0.2252132727468169,0.8561777777777763,-145.59741866666667
5,12,drift adaptive,0.37166387668654904,0.1669751307709175,0.039256453630321035,60,0.22056000237969162,0.8561777777777763,-112.40165333333336
5,12,deferral derived,0.5237237820182185,0.7113169339542939,0.004471917293935131,60,0.4016963059674897,0.8561777777777763,5.591963733333328
5,12,deferral adaptive,0.425309158510373,0.27239689615976326,2.0,60,0.5479106380365811,0.8554666666666652,0.3456085333333201
5,13,fixed 0.003,0.3867782469048098,0.11839821087359513,0.003,60,0.5594492922266223,0.8554666666666652,67.53481599999984
5,13,drift derived,0.3105693965207867,0.22574429130797075,0.033271064666877376,60,0.28217229271020716,0.8554666666666652,-107.98538666666668
5,13,drift adaptive,0.32235919948090547,0.24511356369572143,0.03918257326809066,60,0.27717192656013956,0.8554666666666652,-87.31226880000001
5,13,deferral derived,0.37276040284766926,0.16914757873812253,0.004471917293935131,60,0.4746309959383013,0.8554666666666652,-9.82060373333333
5,13,deferral adaptive,0.2942228461659944,0.2737618943507862,0.002621035540535077,60,0.43375446753060715,0.8554666666666652,-84.18041600000001
5,14,fixed 0.003,0.381110650832986,0.3993012023238363,0.003,60,0.5151257743374904,0.8561777777777763,-32.36300160000007
5,14,drift derived,0.39479660180057563,0.7551178096654917,0.033271064666877376,60,0.21993189570617913,0.8554666666666652,-131.90340053333335
5,14,drift adaptive,0.46522531852789356,0.8977924379621516,0.03964473869556835,60,0.22432852621019866,0.8554666666666652,-92.62211413333335
5,14,deferral derived,0.3774634444318492,0.43354492031061614,0.004471917293935131,60,0.43181936976615176,0.8561777777777763,-82.76347093333331
5,14,deferral adaptive,0.43410785348184106,0.6268934938278599,0.0025450889014044494,60,0.39921108598340044,0.8554666666666652,-105.72221866666669
5,15,fixed 0.003,0.365150822494959,0.1958636799237551,0.003,60,0.49984728728101113,0.8597333333333318,81.63007573333309
5,15,drift derived,0.3636380983707838,0.14321476434057923,0.033271064666877376,60,0.23540825309947555,0.8575999999999986,-136.62428586666667
5,15,drift adaptive,0.3710887870153256,0.1494847513069437,0.03758974921119071,60,0.22760119185003266,0.8575999999999986,-120.74598186666665
5,15,deferral derived,0.35361505593959525,0.18077810719410864,0.004471917293935131,60,0.4199094818374165,0.8597333333333318,-43.83192533333337
5,15,deferral adaptive,0.39681037781882594,0.18998585055550576,2.0,60,0.6291425352486627,0.8568888888888875,0.34560853333332003
5,16,fixed 0.003,0.3501464776447734,0.10598576365097508,0.003,60,0.4829362621656698,0.8568888888888875,14.052074666666536
5,16,drift derived,0.3993572260047391,0.26957855464249164,0.033271064666877376,60,0.2104794419555553,0.8554666666666652,-141.4627456
5,16,drift adaptive,0.40481221614882507,0.26658211789764585,0.03896597532020454,60,0.19653332307582277,0.8554666666666652,-95.42825173333337
5,16,deferral derived,0.36479364377309076,0.12077386517277017,0.004471917293935131,60,0.3879115943421737,0.8568888888888875,-20.836821333333344
5,16,deferral adaptive,0.45759178203454076,0.3800138310854819,0.0025884825954392964,60,0.3917010120035083,0.8554666666666652,-99.8345984
5,17,fixed 0.003,0.20475387232854386,0.18494633705690924,0.003,60,0.45714162993010427,0.8568888888888874,-71.9042858666667
5,17,drift derived,0.2133056363661426,0.09533004299207998,0.033271064666877376,60,0.17474032709787277,0.8568888888888874,-150.64707200000004
5,17,drift adaptive,0.20659342256171345,0.08981387961143483,0.03775490885824709,60,0.1460710411499592,0.8568888888888874,-127.85651840000001
5,17,deferral derived,0.2187561170309558,0.18786088827323033,0.004471917293935131,60,0.3835697599041238,0.8568888888888874,-108.85768746666669
5,17,deferral adaptive,0.30593317818768706,0.36063599361283755,0.002457771186093656,60,0.365049738546891,0.8561777777777763,-111.04327680000002
5,18,fixed 0.003,0.2597034265839606,0.08579650135371036,0.003,60,0.4744593318194317,0.8568888888888874,66.52986666666646
5,18,drift derived,0.2769719996955755,0.23643005731690506,0.033271064666877376,60,0.19221213455171177,0.8561777777777763,-121.73272320000001
5,18,drift adaptive,0.27970138960789165,0.23179046664047456,0.03833333768997805,60,0.187591000679503,0.8561777777777763,-101.15092693333335
5,18,deferral derived,0.26243775202003433,0.18789539061995839,0.004471917293935131,60,0.4061255525486989,0.8561777777777763,10.837506133333276
5,18,deferral adaptive,0.22351741600952724,0.21473122524018184,2.0,60,0.5865363734742355,0.8554666666666652,0.2789418666666533
5,19,fixed 0.003,0.2238812115522222,0.09039452476855792,0.003,60,0.5246242862210688,0.8554666666666652,37.47323519999984
5,19,drift derived,0.30146484135178897,0.12174799372890806,0.033271064666877376,60,0.20491880817645455,0.8554666666666652,-146.0488448
5,19,drift adaptive,0.30240748696467057,0.11824188141296584,0.0384693138348747,60,0.2131600995237863,0.8561777777777763,-112.54765013333335
5,19,deferral derived,0.25278125123895895,0.11953870970452923,0.004471917293935131,60,0.43748042105811197,0.8554666666666652,-29.563460266666684
5,19,deferral adaptive,0.28224284546058925,0.15933562143116323,0.0022550668659409015,60,0.4032593746649667,0.8561777777777763,-132.38708693333336
5,20,fixed 0.003,0.47289263734784864,0.09558941351827101,0.003,60,0.4871353112986002,0.8561777777777763,47.07366613333325
5,20,drift derived,0.6002815802791468,0.12580785292790428,0.033271064666877376,60,0.22611742552432904,0.8554666666666652,-105.45619413333337
5,20,drift adaptive,0.5989591797837364,0.12972964537459686,0.0385547707402203,60,0.21620776533848307,0.8554666666666652,-104.58836693333335
5,20,deferral derived,0.4688344220377909,0.09169837364092416,0.004471917293935131,60,0.42493188181423047,0.8561777777777763,-12.02274773333331
5,20,deferral adaptive,0.3621312638847904,0.14573248650474993,2.0,60,0.5924944287463793,0.8568888888888875,0.2789418666666535
5,21,fixed 0.003,0.23758743252402864,0.0832686169094409,0.003,60,0.46344413169140203,0.8561777777777763,-21.820881066666804
5,21,drift derived,0.3383237329387127,0.30383017582929517,0.033271064666877376,60,0.17721041609075777,0.8554666666666652,-119.83222186666669
5,21,drift adaptive,0.33744330170835013,0.30641264780560384,0.04304244415690853,60,0.17405404803205485,0.8554666666666652,-98.6004778666667
5,21,deferral derived,0.24031619648690386,0.2964576380442794,0.004471917293935131,60,0.3731853016576492,0.8561777777777763,-25.62151893333339
5,21,deferral adaptive,0.4310760703426178,0.6507732867778647,0.002458407935271104,60,0.299570301510006,0.8554666666666652,-104.46274560000002
5,22,fixed 0.003,0.26756038655847714,0.2504823980350581,0.003,60,0.44723973909365966,0.8575999999999986,-50.39534720000006
5,22,drift derived,0.21110048571839402,0.22817787747700086,0.033271064666877376,60,0.1738364261732953,0.8568888888888875,-150.21086933333333
5,22,drift adaptive,0.21083056554828503,0.23130760168748604,0.03967573043336852,60,0.16439892339995363,0.8568888888888875,-122.87118933333335
5,22,deferral derived,0.24141854829822743,0.2199145629091169,0.004471917293935131,60,0.37340786775712975,0.8575999999999986,-65.23355520000003
5,22,deferral adaptive,0.2813764505782388,0.5156161565356485,0.002431878133407063,60,0.326505260131367,0.8568888888888875,-114.06338346666668
5,23,fixed 0.003,0.252503441003016,0.22352041300480582,0.003,60,0.4665483236903345,0.8575999999999985,42.97931519999977
5,23,drift derived,0.3420656060183771,0.3322465142613491,0.033271064666877376,60,0.19410725768111078,0.8568888888888874,-150.67434453333334
5,23,drift adaptive,0.346280035854756,0.43680266098391474,0.03735795264772016,60,0.2026591395127542,0.8568888888888874,-119.04216960000001
5,23,deferral derived,0.2354283776542735,0.14805735983957383,0.004471917293935131,60,0.38142169780441304,0.8575999999999985,-11.867799466666698
5,23,deferral adaptive,0.5412260769256143,0.6358275644043387,0.0025016232085144263,60,0.34893254183658845,0.8554666666666652,-108.0521642666667
5,24,fixed 0.003,0.3782357756624433,0.39223630889965017,0.003,60,0.488291069347753,0.8561777777777763,11.01796479999991
5,24,drift derived,0.2567289886191114,2.011769244163942,0.033271064666877376,60,0.25013374508516345,0.8554666666666652,-126.11544320000003
5,24,drift adaptive,0.2570457925827147,2.016499036640835,0.03811602082377127,60,0.22157821683088383,0.8554666666666652,-115.21682346666668
5,24,deferral derived,0.42785221766164594,0.4787986640339462,0.004471917293935131,60,0.42963584921759174,0.8561777777777763,-36.92589226666665
5,24,deferral adaptive,0.46429737894673845,0.5269071101288849,0.002637765150045629,60,0.4108187175868642,0.8554666666666652,-81.99438506666667
5,25,fixed 0.003,0.46125561284167116,0.38905498902008956,0.003,60,0.4801112056252797,0.8568888888888874,6.735825066666556
5,25,drift derived,0.49334281331527846,0.5325338604329994,0.033271064666877376,60,0.2388554773817221,0.8568888888888874,-149.31965226666665
5,25,drift adaptive,0.4871576903491079,0.5195075872892353,0.038814368434896385,60,0.2328803354082287,0.8568888888888874,-112.31415253333336
5,25,deferral derived,0.3298908091166571,0.20123028353972916,0.004471917293935131,60,0.4216316759133282,0.8568888888888874,-29.759658666666663
5,25,deferral adaptive,0.5752116829591029,0.6877326849816476,0.0026928704980692247,60,0.41955924271813155,0.8561777777777763,-87.03988906666669
5,26,fixed 0.003,0.25046498829098934,0.12674212498278067,0.003,60,0.5082199722821437,0.8568888888888875,-11.878158933333358
5,26,drift derived,0.31872140118095804,0.16851933182058826,0.033271064666877376,60,0.21189691612160128,0.8554666666666652,-149.9485418666667
5,26,drift adaptive,0.3158744255325132,0.1754134347307277,0.03755143116352789,60,0.20364525171229694,0.8554666666666652,-126.63965440000001
5,26,deferral derived,0.24696950957153638,0.13188322154836968,0.004471917293935131,60,0.42723141129278225,0.8568888888888875,-37.93826986666665
5,26,deferral adaptive,0.4106197448200938,0.3181506936233915,2.0,60,0.46472886565097343,0.8554666666666652,0.2122751999999866
5,27,fixed 0.003,0.3965766895704745,0.18465737047530645,0.003,60,0.43753542653607663,0.8597333333333318,-5.00154880000007
5,27,drift derived,0.4178941947405884,0.24394809749943672,0.033271064666877376,60,0.16846464295464825,0.8561777777777763,-148.3528554666667
5,27,drift adaptive,0.40299698599610473,0.29751728884238887,0.043695033166886006,60,0.15809180982006682,0.8561777777777763,-119.53687893333331
5,27,deferral derived,0.4017192632758998,0.1858595454994026,0.004471917293935131,60,0.3469602224275359,0.8597333333333318,-61.17112319999999
5,27,deferral adaptive,0.3631434545353499,0.632741188395166,0.0026761372865435444,60,0.35884497087119116,0.8554666666666652,-92.64697813333335
5,28,fixed 0.003,0.27462573331318,0.16209964956424933,0.003,60,0.4947646035320742,0.8604444444444429,-22.773894400000138
5,28,drift derived,0.33132422399871214,0.2503988511466356,0.033271064666877376,60,0.2426652382230093,0.8561777777777763,-150.14338133333334
5,28,drift adaptive,0.3164453881420259,0.25685931341249313,0.03903878984148833,60,0.2319120975845247,0.8561777777777763,-102.37661013333336
5,28,deferral derived,0.29557924742144137,0.1521026190142877,0.004471917293935131,60,0.4113384384968229,0.8590222222222207,-79.81163093333335
5,28,deferral adaptive,0.31794301122662233,0.21253434997988133,2.0,60,0.5917693910997562,0.8561777777777763,-1.311242781021349e-14
5,29,fixed 0.003,0.4067975726123138,0.3766563269570278,0.003,60,0.45847107595297926,0.8568888888888874,6.5383402666665065
5,29,drift derived,0.4637087287725785,0.5059725796557386,0.033271064666877376,60,0.2189919665174419,0.8561777777777763,-149.31987626666668
5,29,drift adaptive,0.46579936020230894,0.5153090315453501,0.038604745681782605,60,0.21046429050747423,0.8561777777777763,-112.20439253333332
5,29,deferral derived,0.39843693405267033,0.3417277711418826,0.004471917293935131,60,0.383075945587659,0.8568888888888874,-51.11554133333335
5,29,deferral adaptive,0.47832878031717924,0.23285606275204287,2.0,60,0.5593818345918782,0.8554666666666652,0.3456085333333201
5,30,fixed 0.003,0.26661787404736187,0.07352094925866634,0.003,60,0.49479286578259796,0.8590222222222207,5.701122133333247
5,30,drift derived,0.13877491843010348,0.16344864673228154,0.033271064666877376,60,0.24982040669539826,0.8554666666666652,-133.01754240000002
5,30,drift adaptive,0.14482317050653815,0.16744678254683584,0.05436340336000302,60,0.3024123649048633,0.8554666666666652,-88.98047360000002
5,30,deferral derived,0.19945464063826898,0.07749959953912981,0.004471917293935131,60,0.41637746877373893,0.8583111111111097,-75.25549866666664
5,30,deferral adaptive,0.1966224691596384,0.18105785210856212,0.0027487727006163215,60,0.41242584788070275,0.8554666666666652,-99.51333120000002
5,31,fixed 0.003,0.4137101082721985,0.13362725595984631,0.003,60,0.3634417009092574,0.8597333333333318,-3.787816533333481
5,31,drift derived,0.40280393849989815,0.3631744114498659,0.033271064666877376,60,0.1310449382330203,0.8561777777777763,-142.64870613333332
5,31,drift adaptive,0.4477755516413291,0.5197683015953312,0.037647070646503585,60,0.12537493252589282,0.8561777777777763,-126.27236480000002
5,31,deferral derived,0.5976580126616947,0.1336353464644653,0.004471917293935131,60,0.29234265481055816,0.8590222222222207,-21.558905600000028
5,31,deferral adaptive,0.3266089465732651,0.2260191480422406,0.0027522587339397922,60,0.3594881498706763,0.8561777777777763,-86.09766826666667
5,32,fixed 0.003,0.34480455054427606,0.43298844184407154,0.003,60,0.4378883882016307,0.8575999999999986,15.334700799999847
5,32,drift derived,0.3069096621725383,0.51552617464003,0.033271064666877376,60,0.17884448349812027,0.8568888888888874,-124.22370773333336
5,32,drift adaptive,0.3085185541372433,0.49906074638118203,0.0382318064728516,60,0.17494018821915194,0.8568888888888874,-104.72878933333335
5,32,deferral derived,0.2878534357423272,0.35996757809315444,0.004471917293935131,60,0.35528135507892983,0.8575999999999986,-41.72864000000007
5,32,deferral adaptive,0.42449475090791605,0.6447431005621843,0.0038079654819345343,60,0.4070955696081394,0.8561777777777763,-65.69576533333336
5,33,fixed 0.003,0.32054074227501483,0.45114602926177305,0.003,60,0.47016704013474087,0.8568888888888875,8.483758933333217
5,33,drift derived,0.2583193746941593,0.17859442351454988,0.033271064666877376,60,0.23041591236181286,0.8568888888888875,-105.88306133333336
5,33,drift adaptive,0.2567643894907873,0.17636132711016997,0.04181484884328033,60,0.24303541873992698,0.8568888888888875,-75.1854976
5,33,deferral derived,0.2263200821062877,0.3428858213949712,0.004471917293935131,60,0.4207711159807703,0.8568888888888875,-32.11224320000001
5,33,deferral adaptive,0.28061769458102165,0.25633776202380454,2.0,60,0.5394354989157196,0.8568888888888875,-1.3191762497181496e-14
5,34,fixed 0.003,0.43777854005080125,0.6897226349469566,0.003,60,0.49192800610357906,0.8575999999999985,90.49258453333314
5,34,drift derived,0.5433219148488774,0.6985845944904842,0.033271064666877376,60,0.27608688046799595,0.8568888888888874,-142.51452586666667
5,34,drift adaptive,0.5695610839494281,0.745294626786758,0.04143393219932337,60,0.27164339180943375,0.8568888888888874,-120.40204160000002
5,34,deferral derived,0.4955763639739153,0.750552749349967,0.004471917293935131,60,0.4283032075216345,0.8575999999999985,-52.401459200000026
5,34,deferral adaptive,0.7188148519539647,0.9099841178068959,0.0060707951090538765,60,0.46452890622321225,0.8561777777777763,-32.48460586666668
5,35,fixed 0.003,0.4264322818766121,0.07449165717778612,0.003,60,0.4624632198538835,0.8597333333333318,68.73137493333313
5,35,drift derived,0.4622564279790198,0.16274015324234398,0.033271064666877376,60,0.18350485954162005,0.8561777777777763,-152.10884693333335
5,35,drift adaptive,0.4771526270405241,0.19632772875898136,0.03744773595422402,60,0.17802239686155474,0.8561777777777763,-103.21373866666667
5,35,deferral derived,0.43401838046228997,0.09379103447453539,0.004471917293935131,60,0.3787685513258607,0.8597333333333318,-8.42016213333336
5,35,deferral adaptive,0.5180665298664944,0.4646893171736212,0.00253975025687707,60,0.3637398155534647,0.8575999999999986,-85.60866773333333
5,36,fixed 0.003,0.25103197051608866,0.1258842033494276,0.003,60,0.5234111708346278,0.860444444444443,14.559829333333207
5,36,drift derived,0.2629746469314512,0.180906512724339,0.033271064666877376,60,0.2345463570247684,0.8575999999999986,-155.27437866666668
5,36,drift adaptive,0.26749323304326156,0.1967986931812927,0.0399425801335562,60,0.23045184876178673,0.8575999999999986,-113.33914240000004
5,36,deferral derived,0.23240935036050162,0.12486705670631006,0.004471917293935131,60,0.4319732234608014,0.860444444444443,8.442395733333273
5,36,deferral adaptive,0.2588577604737659,0.191800891478725,0.0025635778234134,60,0.4007782609221902,0.8561777777777763,-108.53883306666668
5,37,fixed 0.003,0.34096933748572467,0.22157089044532394,0.003,60,0.43269692421895056,0.8561777777777763,20.804522666666546
5,37,drift derived,0.2686660553065931,0.14371308810111036,0.033271064666877376,60,0.18531969131681353,0.8554666666666652,-135.6388864
5,37,drift adaptive,0.2575219186915526,0.14384400870641575,0.039125568010920854,60,0.1772946062535016,0.8554666666666652,-122.49042346666668
5,37,deferral derived,0.3222386965352894,0.21431728027844946,0.004471917293935131,60,0.3696119915153057,0.8561777777777763,-29.7432768
5,37,deferral adaptive,0.27688492658770175,0.19354241620101953,0.002586508785914766,60,0.3784456754507111,0.8554666666666652,-93.5223232
5,38,fixed 0.003,0.6708461535338108,0.6694665537613284,0.003,60,0.387340589706069,0.8554666666666652,27.309870933333162
5,38,drift derived,0.7188699384229955,0.5463905726109799,0.033271064666877376,60,0.17375090796543635,0.8554666666666652,-135.15925333333337
5,38,drift adaptive,0.720021312350998,0.5319511514204238,0.04098654201195163,60,0.16732531074953644,0.8554666666666652,-125.9310016
5,38,deferral derived,0.5449634897284213,0.48902552131312177,0.004471917293935131,60,0.3212907460794861,0.8554666666666652,-36.28043093333336
5,38,deferral adaptive,0.5833201649449845,0.44194078681501564,0.002656700032655316,60,0.3608477624573178,0.8554666666666652,-87.15840640000003
5,39,fixed 0.003,0.489814201314018,0.0846950298787533,0.003,60,0.508557475179596,0.8568888888888874,122.85104426666635
5,39,drift derived,0.22078330945227292,0.21927585412415593,0.033271064666877376,60,0.2543205775686132,0.8554666666666652,-121.03203200000003
5,39,drift adaptive,0.223592810155125,0.230336482666497,0.03888808432161915,60,0.2514755358017982,0.8554666666666652,-85.6024746666667
5,39,deferral derived,0.5126674516537998,0.16559973305460754,0.004471917293935131,60,0.42855714243239124,0.8568888888888874,-43.65635413333333
5,39,deferral adaptive,0.16342343534756767,0.14411350534111125,2.0,60,0.6057223195964372,0.8554666666666652,-0.06666666666667999
