n_robots,seed,arm,align_rmse,pose_rmse,n_delivered,trust_yield
2,10,fifo,0.25446692159560397,0.3435944287084449,32,0.45180170219894217
2,10,lifo,0.18847817041785023,0.7575808147524066,32,0.6122966822954528
2,10,random,0.35247690957810124,0.5087452861075574,32,0.32939583911732506
2,10,trust_only,0.22282938693306878,0.6217198033544756,32,0.3673744285130292
2,10,info_only,0.22802857603839813,0.6502064729415701,32,0.38249023475090327
2,10,bacs_gated,0.22802857603839813,0.6502064729415701,32,0.38249023475090327
2,10,plus_0.30_6,0.22802857603839813,0.6502064729415701,32,0.38249023475090327
2,11,fifo,0.2525704363460536,0.36440494026345366,32,0.4426379286544949
2,11,lifo,0.21631546648539554,1.0585640691868483,32,0.561178607641731
2,11,random,0.17030302470338513,0.25679717017109177,32,0.4764021469969865
2,11,trust_only,0.16180375934850977,0.3099461831479832,32,0.47078017167469743
2,11,info_only,0.1606643516726562,0.3450213801253488,32,0.3655561326622697
2,11,bacs_gated,0.1606643516726562,0.3450213801253488,32,0.3655561326622697
2,11,plus_0.30_6,0.1746961024149704,0.40031961853257464,32,0.4148079623031934
2,12,fifo,0.3699930185725331,0.36979059636099126,32,0.5212365074353441
2,12,lifo,0.17629796458562566,0.41180274991336524,32,0.5607354706136275
2,12,random,0.14105386467298955,0.3320017749763594,32,0.5330368707769957
2,12,trust_only,0.16538506869385994,0.361896537405118,32,0.6277283059503518
2,12,info_only,0.16105066623560305,0.25390276284129565,32,0.5514631739967517
2,12,bacs_gated,0.16105066623560305,0.25390276284129565,32,0.5514631739967517
2,12,plus_0.30_6,0.19766687250819273,0.329410219300343,32,0.5422460944540315
2,13,fifo,0.1379770333052536,0.3085297766817045,32,0.45991064967586637
2,13,lifo,0.17427987910783155,0.39927202954893776,32,0.5881458538614003
2,13,random,0.1466929759557448,0.3765332931342501,32,0.4772387263405778
2,13,trust_only,0.16658624250491347,0.34949388072381277,32,0.5102313866739043
2,13,info_only,0.1380458614068169,0.3189703060113468,32,0.5137550544008529
2,13,bacs_gated,0.1380458614068169,0.3189703060113468,32,0.5137550544008529
2,13,plus_0.30_6,0.1380458614068169,0.3189703060113468,32,0.5137550544008529
2,14,fifo,0.34372700040300636,0.42642540499086584,32,0.4130202577922026
2,14,lifo,0.12535093839000042,0.3808989864819444,32,0.6237823178451225
2,14,random,0.22529107625434744,0.5132499668357022,32,0.4677388772618533
2,14,trust_only,0.19234692085177424,0.43281115219247485,32,0.4471484866675504
2,14,info_only,0.16916149153084262,0.39521151605466753,32,0.4080483875745321
2,14,bacs_gated,0.16916149153084262,0.39521151605466753,32,0.4080483875745321
2,14,plus_0.30_6,0.15720027867259703,0.4462770902557885,32,0.38176477696543387
2,15,fifo,0.30872492422723957,0.7084145495844592,32,0.37731676331668834
2,15,lifo,0.18772087705710788,0.2334383107294633,32,0.6588109493538308
2,15,random,0.14487513794464846,0.36544086452629915,32,0.6229840133516662
2,15,trust_only,0.170087272399992,0.36564754741578975,32,0.509034954659181
2,15,info_only,0.2100449007760372,0.34224467374536127,32,0.4158782487706997
2,15,bacs_gated,0.2100449007760372,0.34224467374536127,32,0.4158782487706997
2,15,plus_0.30_6,0.23063242217874202,0.3198722281782545,32,0.39075908380716906
2,16,fifo,0.47718508330375864,0.4275596399355533,32,0.38091991672631353
2,16,lifo,0.27792292636711285,0.5472237884744093,32,0.6501805801217572
2,16,random,0.18117030293886838,0.19230416564819283,32,0.6817628735214726
2,16,trust_only,0.19051858448109021,0.3754668366955964,32,0.5353214664446184
2,16,info_only,0.17689932138421646,0.3180446189234944,32,0.5106347551779056
2,16,bacs_gated,0.17689932138421646,0.3180446189234944,32,0.5106347551779056
2,16,plus_0.30_6,0.18865094885133746,0.33351499048719435,32,0.4683539545126131
2,17,fifo,0.34977241925448355,0.3164393349072434,32,0.5105545630591732
2,17,lifo,0.1609837677261588,0.23300035735236127,32,0.6563490762159245
2,17,random,0.15638778569711642,0.20630108889740065,32,0.48655647974575095
2,17,trust_only,0.21588808213570793,0.31983704715396954,32,0.4348297299653837
2,17,info_only,0.23416381930695512,0.43370639054901877,32,0.45634132403635896
2,17,bacs_gated,0.23416381930695512,0.43370639054901877,32,0.45634132403635896
2,17,plus_0.30_6,0.22197201870100605,0.3763804322805994,32,0.4463449221509521
2,18,fifo,0.6887985369363494,0.8963419007925638,32,0.3984049089675004
2,18,lifo,0.1685542430467963,0.4512900467492077,32,0.6759672266469328
2,18,random,0.12877602929030274,0.4084265798937125,32,0.596671174492813
2,18,trust_only,0.18290757595568505,0.55269146848259,32,0.5100216311447269
2,18,info_only,0.17849135014188652,0.5500147621552104,32,0.37894593694485285
2,18,bacs_gated,0.17849135014188652,0.5500147621552104,32,0.37894593694485285
2,18,plus_0.30_6,0.17849135014188652,0.5500147621552104,32,0.37894593694485285
2,19,fifo,0.18977900847559875,0.3055941775924346,32,0.4282693605480939
2,19,lifo,0.20806444760232007,0.6960749355380073,32,0.6749510767219571
2,19,random,0.13330942148793493,0.2673295837329257,32,0.5980981819928921
2,19,trust_only,0.18360451650726797,0.39904629102854583,32,0.512316575647597
2,19,info_only,0.15091882482130084,0.341117039432104,32,0.5136761110985194
2,19,bacs_gated,0.15091882482130084,0.341117039432104,32,0.5136761110985194
2,19,plus_0.30_6,0.15091882482130084,0.341117039432104,32,0.5136761110985194
2,20,fifo,0.3316485718828045,0.3797939555121804,32,0.38299490345533294
2,20,lifo,0.2276638589519869,0.5455569849658746,32,0.6127787581357715
2,20,random,0.11742873669150093,0.22633712387922128,32,0.5061286929402133
2,20,trust_only,0.22548989461698404,0.6878638167514162,32,0.4591011541661627
2,20,info_only,0.17429336503610102,0.6040379038816225,32,0.47022452241039303
2,20,bacs_gated,0.17429336503610102,0.6040379038816225,32,0.47022452241039303
2,20,plus_0.30_6,0.1742927979225816,0.6040049038200164,32,0.46978278314220573
2,21,fifo,0.43734335567346155,0.549152533895906,32,0.4255660896882131
2,21,lifo,0.24323453872610118,0.578742539240925,32,0.49715305649957175
2,21,random,0.1627024301193542,0.6630083320442388,32,0.48235772405880073
2,21,trust_only,0.1878240404246572,0.5373477893248004,32,0.5443077148659504
2,21,info_only,0.20879813075891632,0.4884498451458438,32,0.4622720112051939
2,21,bacs_gated,0.20879813075891632,0.4884498451458438,32,0.4622720112051939
2,21,plus_0.30_6,0.2149013895082459,0.5517352719372174,32,0.4691576110591949
2,22,fifo,0.28678953061883466,0.4338164665154671,32,0.26606085199329454
2,22,lifo,0.2647552217859004,0.46506584311025906,32,0.384223627251001
2,22,random,0.2789285376215896,0.6108209379317504,32,0.2883048996522538
2,22,trust_only,0.2647769629284813,0.40930791942346667,32,0.45963789663330895
2,22,info_only,0.22837835450683472,0.26798158406318795,32,0.38782977068108637
2,22,bacs_gated,0.22837835450683472,0.26798158406318795,32,0.38782977068108637
2,22,plus_0.30_6,0.33059357883851437,0.5121720966549661,32,0.2896238725434872
2,23,fifo,0.3819395654222817,0.31652811976592243,32,0.42181253998921897
2,23,lifo,0.2751698654549776,0.6306809742036141,32,0.496364468404182
2,23,random,0.15202594710524156,0.3242336448035666,32,0.5612323011993055
2,23,trust_only,0.17892845720803957,0.3702078753616401,32,0.501040167134583
2,23,info_only,0.1574535222223917,0.43323489296661977,32,0.3593187616866889
2,23,bacs_gated,0.1574535222223917,0.43323489296661977,32,0.3593187616866889
2,23,plus_0.30_6,0.16336886451421098,0.4379939595064352,32,0.35194435754350034
2,24,fifo,0.3871801237480561,0.2111292977729523,32,0.38979559937239805
2,24,lifo,0.17210200515238963,0.5906579890748633,32,0.6844307612782732
2,24,random,0.14416230457412413,0.39394210487408465,32,0.5788961739827203
2,24,trust_only,0.13110749752729295,0.37817999120229173,32,0.5232328116240983
2,24,info_only,0.14532631995707446,0.3708025271446004,32,0.4167213187684484
2,24,bacs_gated,0.14532631995707446,0.3708025271446004,32,0.4167213187684484
2,24,plus_0.30_6,0.15707094520398462,0.4133998861940868,32,0.45210533241044226
2,25,fifo,0.1892751818362662,0.2203112709483994,32,0.4147130745168819
2,25,lifo,0.12572708405652072,0.4032070425823524,32,0.7300929017802245
2,25,random,0.11917221588699634,0.31393362108400596,32,0.6156818446043802
2,25,trust_only,0.2244073883038151,0.19852118062002064,32,0.5960295108831469
2,25,info_only,0.14658218503051698,0.15926279376219615,32,0.5561761435842065
2,25,bacs_gated,0.14658218503051698,0.15926279376219615,32,0.5561761435842065
2,25,plus_0.30_6,0.14658218503051698,0.15926279376219615,32,0.5561761435842065
2,26,fifo,0.525777960864523,0.75326377316919,32,0.3304035492855255
2,26,lifo,0.2594961754913714,0.5489271065331914,32,0.4277355134386471
2,26,random,0.25230035865133266,0.5386795738855988,32,0.3416879565883106
2,26,trust_only,0.20505088313135908,0.4634022798839588,32,0.32227882592727575
2,26,info_only,0.21624031604620506,0.42847469708592456,32,0.17799314606825717
2,26,bacs_gated,0.21624031604620506,0.42847469708592456,32,0.17799314606825717
2,26,plus_0.30_6,0.21481712167486722,0.40338438830947143,32,0.17803249155016243
2,27,fifo,0.1591620587076561,0.13403004367052676,32,0.5101132376370372
2,27,lifo,0.1822816464251537,0.5063251054552728,32,0.4524120861633861
2,27,random,0.12808909227768858,0.3240877200514479,32,0.4961162049075469
2,27,trust_only,0.24261952297138278,0.5948602351001789,32,0.44922922657171993
2,27,info_only,0.15187378651045558,0.27334449513576997,32,0.4423162383957417
2,27,bacs_gated,0.15187378651045558,0.27334449513576997,32,0.4423162383957417
2,27,plus_0.30_6,0.1291249084455541,0.28549564177420256,32,0.49265614156822307
2,28,fifo,0.21211030891261506,0.3881462125400115,32,0.40405715754631677
2,28,lifo,0.180930956285069,0.2935502965366783,32,0.6278070709380467
2,28,random,0.2371856508975261,0.4596342017872472,32,0.45374614613070313
2,28,trust_only,0.14396458566925163,0.4102185823553229,32,0.42407073342767776
2,28,info_only,0.14568261487907683,0.3688315741455915,32,0.3705568448212143
2,28,bacs_gated,0.14568261487907683,0.3688315741455915,32,0.3705568448212143
2,28,plus_0.30_6,0.14980145038748444,0.35815530760288916,32,0.35873997674213254
2,29,fifo,0.2341258104770361,0.6170612680873964,32,0.46158835027199613
2,29,lifo,0.18064158959690346,0.5167102596038269,32,0.547921357539658
2,29,random,0.16530998276405187,0.3833967515834623,32,0.513045453116506
2,29,trust_only,0.16374864242096457,0.3751089745163167,32,0.4975716693639791
2,29,info_only,0.21342165373528268,0.5956478688321144,32,0.3711946624730945
2,29,bacs_gated,0.21342165373528268,0.5956478688321144,32,0.3711946624730945
2,29,plus_0.30_6,0.1849758900231464,0.5576468417860486,32,0.41928627673186647
2,30,fifo,1.2622463640657429,0.9701059456407648,32,0.45686139664167147
2,30,lifo,0.20740471325585433,0.346490271755142,32,0.48407361991559417
2,30,random,0.2163376300278228,0.4329128228769657,32,0.4083886810894767
2,30,trust_only,0.18474029916143286,0.3512682114451756,32,0.45147277661747764
2,30,info_only,0.17116510999134035,0.3651712903615853,32,0.32733859375331137
2,30,bacs_gated,0.17116510999134035,0.3651712903615853,32,0.32733859375331137
2,30,plus_0.30_6,0.1711637979294375,0.36521916364589074,32,0.3305042815621716
2,31,fifo,0.23461121774324026,0.5806428967697747,32,0.38304450924453276
2,31,lifo,0.2417786877030451,0.7186415677243467,32,0.48299375227027286
2,31,random,0.14324563554234376,0.3574045683512231,32,0.32987819694998366
2,31,trust_only,0.15216901657477755,0.400178320968079,32,0.5962597422588455
2,31,info_only,0.16872886751580787,0.30834959918469845,32,0.5047313340337065
2,31,bacs_gated,0.16872886751580787,0.30834959918469845,32,0.5047313340337065
2,31,plus_0.30_6,0.1679776634615637,0.31454490922824135,32,0.48013870195447444
2,32,fifo,0.2579091689948595,0.3647257197420009,32,0.4952558428548323
2,32,lifo,0.14705743086535444,0.36628650654408984,32,0.7669259315343411
2,32,random,0.13307517216608997,0.3037312256934975,32,0.6196444735243033
2,32,trust_only,0.12112932258842855,0.24265867016549703,32,0.5578263895061558
2,32,info_only,0.1497927541713818,0.2789344385208562,32,0.4817907073525183
2,32,bacs_gated,0.1497927541713818,0.2789344385208562,32,0.4817907073525183
2,32,plus_0.30_6,0.1497927541713818,0.2789344385208562,32,0.4817907073525183
2,33,fifo,0.3586949606233016,0.26009771085943434,32,0.5086693037860867
2,33,lifo,0.15808877600213853,0.37740958099991984,32,0.622891475066889
2,33,random,0.1561724974519156,0.27534636707312904,32,0.5207491066751748
2,33,trust_only,0.5169686462147861,0.37453911645104626,32,0.4181813552464032
2,33,info_only,0.20867869400956485,0.5337717250932109,32,0.3426876706830884
2,33,bacs_gated,0.20867869400956485,0.5337717250932109,32,0.3426876706830884
2,33,plus_0.30_6,0.21958236605099934,0.5625520823576944,32,0.347967113854909
2,34,fifo,0.23834877008175656,0.5563530340187416,32,0.41506309707421096
2,34,lifo,0.14669049186215802,0.4155350712734024,32,0.6631319046840096
2,34,random,0.17735466490142607,0.25043681062258516,32,0.43605673143774604
2,34,trust_only,0.1354590061936037,0.21588866330980955,32,0.4787089062517708
2,34,info_only,0.11544312426677354,0.15333849841848868,32,0.46203507151782924
2,34,bacs_gated,0.11544312426677354,0.15333849841848868,32,0.46203507151782924
2,34,plus_0.30_6,0.12334462900230839,0.15114701595703645,32,0.463261825082803
2,35,fifo,0.22077986431758245,0.3630447176321472,32,0.425420172508306
2,35,lifo,0.16425482305429115,0.3714065538182583,32,0.6296728480493352
2,35,random,0.15951162087267634,0.4249940223249796,32,0.3679141825364094
2,35,trust_only,0.17469903173101536,0.3610431514804888,32,0.4678774998158528
2,35,info_only,0.14483080614786892,0.398663850856964,32,0.42086388505908706
2,35,bacs_gated,0.14483080614786892,0.398663850856964,32,0.42086388505908706
2,35,plus_0.30_6,0.14717902640878214,0.3971353404915663,32,0.42047200831334336
2,36,fifo,0.2347747236571619,0.47492553825296485,32,0.3765843113369418
2,36,lifo,0.2803592315882511,0.35391872281649017,32,0.430760997626614
2,36,random,0.2205731368782665,0.7887097801914515,32,0.2763191574604661
2,36,trust_only,0.22665041855611556,0.24529410200959015,32,0.40170692951933745
2,36,info_only,0.20141203618526235,0.2607014518092546,32,0.2678251595965128
2,36,bacs_gated,0.20141203618526235,0.2607014518092546,32,0.2678251595965128
2,36,plus_0.30_6,0.20508191082121874,0.2640767208925481,32,0.27502132541988317
2,37,fifo,0.2440775694296297,0.26571623481740564,32,0.378997698633451
2,37,lifo,0.3248489200914166,0.5750454946475463,32,0.5124711222996474
2,37,random,0.1763750724201047,0.37064795027658787,32,0.48438474306400914
2,37,trust_only,0.22511900549633923,0.40687361307884223,32,0.44271659196728075
2,37,info_only,0.16825694563105245,0.2653001259923773,32,0.34903234186041177
2,37,bacs_gated,0.16825694563105245,0.2653001259923773,32,0.34903234186041177
2,37,plus_0.30_6,0.16825694563105245,0.2653001259923773,32,0.34903234186041177
2,38,fifo,0.2501004475880046,0.5680735079758281,32,0.473156675879939
2,38,lifo,0.20012331066237743,0.6251661148129908,32,0.6120092536619347
2,38,random,0.15810017207368315,0.5601671696707018,32,0.5545504109389165
2,38,trust_only,0.17159554057777104,0.4478327499496531,32,0.5289384632119369
2,38,info_only,0.18029605356507653,0.5565737052854918,32,0.4841901483162519
2,38,bacs_gated,0.18029605356507653,0.5565737052854918,32,0.4841901483162519
2,38,plus_0.30_6,0.17707758706865126,0.5076586379886835,32,0.4764325162661852
2,39,fifo,0.20957097402960498,0.3783808529599941,32,0.46410020680301933
2,39,lifo,0.24323122469846242,0.5172938192454102,32,0.5786687053536482
2,39,random,0.17239590305622904,0.3237793212846727,32,0.44484470633906037
2,39,trust_only,0.1896361994869913,0.44887828725046003,32,0.5729420011260106
2,39,info_only,0.1505803249816755,0.2841312775452578,32,0.4594224869173916
2,39,bacs_gated,0.1505803249816755,0.2841312775452578,32,0.4594224869173916
2,39,plus_0.30_6,0.1505803249816755,0.2841312775452578,32,0.4594224869173916
3,10,fifo,0.29711063654946235,0.3645742810124791,24,0.4517019802771296
3,10,lifo,0.2289185757801299,0.5915408871484572,24,0.6199020814071199
3,10,random,0.20916271800798497,0.3767407137429734,24,0.5584637130264422
3,10,trust_only,0.17389776595264947,0.41545381622306793,24,0.5057332039540139
3,10,info_only,0.16498791655557613,0.46091760558956724,24,0.44114652164907314
3,10,bacs_gated,0.16498791655557613,0.46091760558956724,24,0.44114652164907314
3,10,plus_0.30_6,0.16020601081031435,0.45972900166764785,24,0.43788127651486297
3,11,fifo,0.5154676050856342,0.46629485924302366,24,0.38324902659918525
3,11,lifo,0.20156184670855895,0.34548816032398477,24,0.654426985729077
3,11,random,0.17990147061262085,0.5789081783968887,24,0.5436356569089241
3,11,trust_only,0.4703890853833256,0.2991550572231416,24,0.43404739408323384
3,11,info_only,0.1669320385109233,0.24297245894133812,24,0.3400199433797706
3,11,bacs_gated,0.1669320385109233,0.24297245894133812,24,0.3400199433797706
3,11,plus_0.30_6,0.1674037411985398,0.2410529277065674,24,0.3271696824944628
3,12,fifo,0.5076171787631836,0.4686816961542522,24,0.38303457112816414
3,12,lifo,0.19268370064506513,0.5405055005519923,24,0.7288753732321801
3,12,random,0.21404682168309674,0.48444128133588765,24,0.46729044747903203
3,12,trust_only,0.266090386854151,0.6415308877430604,24,0.38455860065750835
3,12,info_only,0.22930186118003693,0.48541259377496315,24,0.30493074560838984
3,12,bacs_gated,0.22930186118003693,0.48541259377496315,24,0.30493074560838984
3,12,plus_0.30_6,0.24014749659843482,0.37735759900538834,24,0.37272647070685566
3,13,fifo,0.3647412796539086,0.4088183534487642,24,0.3382234744773352
3,13,lifo,0.16010823515043782,0.34751705380531545,24,0.6017535543167583
3,13,random,0.18720906348945063,0.6187522202202953,24,0.4204949145975451
3,13,trust_only,0.2862524900885168,0.4450566599838555,24,0.3477083727730666
3,13,info_only,0.2922911419771626,0.43410887442411333,24,0.19624944832887767
3,13,bacs_gated,0.2922911419771626,0.43410887442411333,24,0.19624944832887767
3,13,plus_0.30_6,0.30360301750734736,0.4110531008990269,24,0.19605070717738315
3,14,fifo,0.3522713352398847,0.4494533585447393,24,0.42111282593844573
3,14,lifo,0.20354958548553698,0.4006826327903582,24,0.6787542867281801
3,14,random,0.18749835318432798,0.2562370913641078,24,0.5003223214484686
3,14,trust_only,0.2298998847502387,0.3553493378038215,24,0.4214983854043006
3,14,info_only,0.1746318772757594,0.3235956663671969,24,0.36312524742215935
3,14,bacs_gated,0.1746318772757594,0.3235956663671969,24,0.36312524742215935
3,14,plus_0.30_6,0.1744551863790205,0.3234788457539932,24,0.37791216962279356
3,15,fifo,0.3981094983833453,0.5450918734846054,24,0.43873966315072493
3,15,lifo,0.2506132522417672,0.41212870797980056,24,0.650661232987125
3,15,random,0.23742803722813194,0.2862421026186667,24,0.5182914070399555
3,15,trust_only,0.2706327915151009,0.3598052056101233,24,0.5181854175309194
3,15,info_only,0.2997374629094596,0.3172608956616501,24,0.3427200394933432
3,15,bacs_gated,0.2997374629094596,0.3172608956616501,24,0.3427200394933432
3,15,plus_0.30_6,0.2813915446514976,0.33744136348327364,24,0.3306588618312026
3,16,fifo,0.3289868057964081,0.22710021723799012,24,0.3840762308290698
3,16,lifo,0.2298981805633842,0.2923947188629464,24,0.779208477742808
3,16,random,0.17581070326540876,0.5258287702287063,24,0.33528305069502434
3,16,trust_only,0.18338001436481935,0.25892233400434866,24,0.5005450873584364
3,16,info_only,0.18951961238033002,0.21159645603991484,24,0.47766160437993044
3,16,bacs_gated,0.18669494916087803,0.20587929297192467,24,0.48633180789710634
3,16,plus_0.30_6,0.17358432401141263,0.3333398588191978,24,0.4223964481415668
3,17,fifo,0.5105769700528741,0.32590752608445217,24,0.45298675989313936
3,17,lifo,0.20071858763099332,0.26651957879798094,24,0.624822188216148
3,17,random,0.20092996248989053,0.3723683589902611,24,0.3981403162182037
3,17,trust_only,0.17904631453029732,0.2621378717713026,24,0.5009729170732015
3,17,info_only,0.15355575071606065,0.32616824965624364,24,0.4593985765443731
3,17,bacs_gated,0.15355575071606065,0.32616824965624364,24,0.4593985765443731
3,17,plus_0.30_6,0.15355575071606065,0.32616824965624364,24,0.4593985765443731
3,18,fifo,0.25189627928228764,0.39401458308166293,24,0.4728853329679497
3,18,lifo,0.1797918623745323,0.5575700754881763,24,0.7130659993356875
3,18,random,0.196487317836328,0.4758806569676517,24,0.44493673724560817
3,18,trust_only,0.5238253783795573,0.4444785813270281,24,0.5319500534828437
3,18,info_only,0.20751858420493016,0.41911044492805405,24,0.41562383733428776
3,18,bacs_gated,0.20751858420493016,0.41911044492805405,24,0.41562383733428776
3,18,plus_0.30_6,0.20864437755752085,0.4579411442784593,24,0.39886158313676234
3,19,fifo,0.7363153467993379,0.7708901154292219,24,0.4255676998429753
3,19,lifo,0.21683895829276023,0.3588093504546991,24,0.7324618622623155
3,19,random,0.20987068459972022,0.43662498059607924,24,0.5153073790642507
3,19,trust_only,0.23836885009650977,0.478459540475413,24,0.5067527528217903
3,19,info_only,0.24516610414210468,0.35935769395706435,24,0.30352202762302455
3,19,bacs_gated,0.24516610414210468,0.35935769395706435,24,0.30352202762302455
3,19,plus_0.30_6,0.3512177314198824,0.43916704041362975,24,0.27993002460036254
3,20,fifo,0.39637670184925317,0.5616555112729924,24,0.43976279279767727
3,20,lifo,0.3219689604421001,0.5064693407489373,24,0.6392638560882921
3,20,random,0.1724376902220903,0.4426441686467383,24,0.5309413734018887
3,20,trust_only,0.4523213647616204,0.6155344353494396,24,0.41521811932416036
3,20,info_only,0.4117877508208234,0.76043757222984,24,0.40534565078265916
3,20,bacs_gated,0.4117877508208234,0.76043757222984,24,0.40534565078265916
3,20,plus_0.30_6,0.38029083859722085,0.7201640871908817,24,0.37757265285385655
3,21,fifo,0.3555466961440216,0.3471962224293129,24,0.45315120818571497
3,21,lifo,0.1892070020641522,0.44035819776689156,24,0.6689493287259998
3,21,random,0.1928184124845504,0.5716381560508521,24,0.4583261848892654
3,21,trust_only,0.23214079604853233,0.4283411525126665,24,0.509164268734203
3,21,info_only,0.2870247052078841,0.4590209964273158,24,0.3577130632942707
3,21,bacs_gated,0.19936310024587073,0.4035761686759168,24,0.40453706326854927
3,21,plus_0.30_6,0.20247431456206436,0.40846233713570007,24,0.3941538706333972
3,22,fifo,0.7251779772604394,0.660851650219937,24,0.24525705009045576
3,22,lifo,0.29744596897916775,0.8782191833746702,24,0.5423112224029326
3,22,random,0.18122479846013564,0.20515838274984535,24,0.4501445193627265
3,22,trust_only,0.25228122340885756,0.5676916404266907,24,0.4001205719652969
3,22,info_only,0.21722549607539268,0.4547430868858556,24,0.3848378315679389
3,22,bacs_gated,0.21722549607539268,0.4547430868858556,24,0.3848378315679389
3,22,plus_0.30_6,0.2014574850134847,0.5512136594165326,24,0.3761353013171191
3,23,fifo,0.5078054430393086,0.35850605789032247,24,0.3225298811002147
3,23,lifo,0.33551305877029625,0.7857905801383936,24,0.6537812059211648
3,23,random,0.14478133000131838,0.472319000118156,24,0.5160037131992472
3,23,trust_only,0.2035712070634625,0.4691783442696363,24,0.40850735514314085
3,23,info_only,0.1665489117372757,0.42401876957459816,24,0.34089540754708053
3,23,bacs_gated,0.1665489117372757,0.42401876957459816,24,0.34089540754708053
3,23,plus_0.30_6,0.1681184396505506,0.45413845294794497,24,0.323905047463176
3,24,fifo,0.45405109677627453,0.4726169159521068,24,0.367113326912234
3,24,lifo,0.20413809135299585,0.5556261193442094,24,0.7257086519344235
3,24,random,0.31703546132729343,0.737785723046274,24,0.3008374168538186
3,24,trust_only,0.2272404466570542,0.8213141248182398,24,0.31710256865263636
3,24,info_only,0.24666978291751454,0.7536583542305393,24,0.3408390452512722
3,24,bacs_gated,0.24666978291751454,0.7536583542305393,24,0.3408390452512722
3,24,plus_0.30_6,0.2171807768116782,0.6912958916558279,24,0.3460501585527031
3,25,fifo,0.3416579372585363,0.19037334939393177,24,0.45401630345358956
3,25,lifo,0.23518271352496212,0.34570951311897496,24,0.6686819628735484
3,25,random,0.21340923242590779,0.19656980443718797,24,0.38308318408655423
3,25,trust_only,0.4793273518744265,0.5242266426966151,24,0.44731462987986026
3,25,info_only,0.22856862014877646,0.39302696201731224,24,0.36924408924983537
3,25,bacs_gated,0.22856862014877646,0.39302696201731224,24,0.36924408924983537
3,25,plus_0.30_6,0.24310332721495428,0.3284333954662731,24,0.30632220325548437
3,26,fifo,0.25434022279783597,0.7880614296292195,24,0.3693058419828265
3,26,lifo,0.1876224650081511,0.5690529902695807,24,0.660268902703446
3,26,random,0.22619470002566747,0.30067962097330236,24,0.331785399978546
3,26,trust_only,0.9112431571912524,0.5286904003701932,24,0.3838817638852239
3,26,info_only,0.2177877895333375,0.40836529984981457,24,0.35821170986917483
3,26,bacs_gated,0.2177877895333375,0.40836529984981457,24,0.35821170986917483
3,26,plus_0.30_6,0.23295804959797795,0.3924918580002371,24,0.3617663598377818
3,27,fifo,0.23746439664101332,0.3117990920661293,24,0.44211744421165505
3,27,lifo,0.20327248504922737,0.46027315890510445,24,0.7295422353525037
3,27,random,0.3568267719378964,0.2833009295858169,24,0.4376992818211254
3,27,trust_only,0.1399525808249953,0.3004169005655647,24,0.5019016229427304
3,27,info_only,0.12637974445766934,0.2601771152855772,24,0.4672207919877424
3,27,bacs_gated,0.12637974445766934,0.2601771152855772,24,0.4672207919877424
3,27,plus_0.30_6,0.15678247537694937,0.30359494169682066,24,0.44050537527275946
3,28,fifo,0.3804896285994246,0.5239607554194525,24,0.35065031551185016
3,28,lifo,0.2371201835964128,1.1566447251279475,24,0.5875990247877564
3,28,random,0.40697564721193613,1.0288536009557783,24,0.27837222072768
3,28,trust_only,0.3998397152507938,0.7483851399003665,24,0.5120796224891645
3,28,info_only,0.28578608464587846,0.5068090086531694,24,0.4230673020312392
3,28,bacs_gated,0.28578608464587846,0.5068090086531694,24,0.4230673020312392
3,28,plus_0.30_6,0.2831869585543888,0.4955699008171432,24,0.3837771225308721
3,29,fifo,0.3608818939071629,0.3387322018147959,24,0.43468932195742266
3,29,lifo,0.2161669792714633,0.556373315186713,24,0.6084406276824222
3,29,random,0.16812991698020627,0.2506660551722995,24,0.42002985584368274
3,29,trust_only,0.183908932252641,0.4672393207122545,24,0.5423852514487928
3,29,info_only,0.31482331301648736,0.5034120411300679,24,0.4290499494556374
3,29,bacs_gated,0.31482331301648736,0.5034120411300679,24,0.4290499494556374
3,29,plus_0.30_6,0.24028475980782388,0.34828862616985373,24,0.416236876634793
3,30,fifo,0.7450596566900063,0.55418064448397,24,0.43875487962412046
3,30,lifo,0.3305200666011914,0.3575112316349788,24,0.6718334008027691
3,30,random,0.35218811272697104,0.30328753305754375,24,0.34903144876929754
3,30,trust_only,0.904816017782319,0.8287803901999595,24,0.37947818064939404
3,30,info_only,0.24544025420558038,0.5956422605937364,24,0.2765022044405381
3,30,bacs_gated,0.24544025420558038,0.5956422605937364,24,0.2765022044405381
3,30,plus_0.30_6,0.2467393519575827,0.6080812970957011,24,0.27303384497498734
3,31,fifo,0.3417876264960896,0.33669906580109693,24,0.37677605591240065
3,31,lifo,0.18096270782535437,0.2795640705290002,24,0.7060409561667201
3,31,random,0.13304179202927877,0.40105446114730214,24,0.5751683673293525
3,31,trust_only,0.2010007613188729,0.24108306390670128,24,0.5641950896265743
3,31,info_only,0.15519807145202194,0.2558334044577859,24,0.5265002115439613
3,31,bacs_gated,0.15519807145202194,0.2558334044577859,24,0.5265002115439613
3,31,plus_0.30_6,0.14664621601008795,0.22115472748253628,24,0.5632571901558979
3,32,fifo,0.33487696163356206,0.19448649073511604,24,0.27275897793974424
3,32,lifo,0.17314212875694807,0.20815064923790308,24,0.7319808193144683
3,32,random,0.16518343877770778,0.25929857303288323,24,0.5725740397863194
3,32,trust_only,0.20207944492151253,0.26301873364882544,24,0.40166904053238833
3,32,info_only,0.23557630568542196,0.2966536232399422,24,0.2813903217436082
3,32,bacs_gated,0.23557630568542196,0.2966536232399422,24,0.2813903217436082
3,32,plus_0.30_6,0.23564469472379965,0.23231432872133562,24,0.2827380361488158
3,33,fifo,0.4942432714601612,0.2583797600336324,24,0.4913170482726235
3,33,lifo,0.19015798758707925,0.21589702059122598,24,0.7594860508782372
3,33,random,0.16993100771805328,0.41667528184332825,24,0.46782111885986327
3,33,trust_only,0.21888074804751204,0.30001694226212955,24,0.5463857021067969
3,33,info_only,0.21037224477075697,0.20511640444053097,24,0.46083337795149437
3,33,bacs_gated,0.21037224477075697,0.20511640444053097,24,0.46083337795149437
3,33,plus_0.30_6,0.20779225773996288,0.23624157223254327,24,0.45256735155872313
3,34,fifo,0.3178158132142602,0.31329389979486066,24,0.34925673430697274
3,34,lifo,0.1923582531417593,0.336580169762272,24,0.6166396072782012
3,34,random,0.3537610367554358,0.4953982608624499,24,0.3184059007665208
3,34,trust_only,0.24815466533942138,0.33802299121244506,24,0.46547129764370104
3,34,info_only,0.21876562104182762,0.35727663944091403,24,0.44193896478604827
3,34,bacs_gated,0.21876562104182762,0.35727663944091403,24,0.44193896478604827
3,34,plus_0.30_6,0.26869444516072183,0.317411415013478,24,0.4326867496742712
3,35,fifo,0.42253428726993236,0.3685001620337028,24,0.39322978882595017
3,35,lifo,0.19951837831578195,0.34076903500686345,24,0.7018683771515976
3,35,random,0.2295215850488774,0.31670505816289446,24,0.40302555636488996
3,35,trust_only,0.24714301787388224,0.33905347330350577,24,0.42016305828822054
3,35,info_only,0.26579801555510313,0.3320255063162824,24,0.4144351501847152
3,35,bacs_gated,0.26579801555510313,0.3320255063162824,24,0.4144351501847152
3,35,plus_0.30_6,0.26078419376372025,0.33480727251137726,24,0.4166915432908289
3,36,fifo,0.6179034278051525,0.43191766342509297,24,0.3999371133211384
3,36,lifo,0.27862847393204454,0.4499550082884268,24,0.582142955699324
3,36,random,0.3997166208594287,0.7557369956152034,24,0.3895501898666119
3,36,trust_only,0.5938618316459522,0.5938937456231147,24,0.30925258684150103
3,36,info_only,0.1462774363192176,0.30886289301895525,24,0.25009066564179583
3,36,bacs_gated,0.16104835415873797,0.30069985429012813,24,0.27174926642645153
3,36,plus_0.30_6,0.3062677012548873,0.2851935688050522,24,0.308129821722191
3,37,fifo,0.44329359204418617,0.4803494878888917,24,0.46216585766445534
3,37,lifo,0.44900366139576176,0.7211658145621245,24,0.48168014907577184
3,37,random,0.20646848087580177,0.43009319288547815,24,0.4827558277431194
3,37,trust_only,0.24978058161106256,0.5467714552985012,24,0.5249469858571784
3,37,info_only,0.2442719416306577,0.47513315578022186,24,0.3030635711390984
3,37,bacs_gated,0.2442719416306577,0.47513315578022186,24,0.3030635711390984
3,37,plus_0.30_6,0.24148319570088358,0.447842163617163,24,0.30505002947497367
3,38,fifo,0.45581522963700233,0.2852500655430101,24,0.28890844522377535
3,38,lifo,0.21054838672121948,0.5525684331963586,24,0.6517537521623499
3,38,random,0.1889809012593059,0.6898921225807182,24,0.4930362144566944
3,38,trust_only,0.7466446657298166,0.6733113338078083,24,0.43526723003575785
3,38,info_only,0.23456840805065404,0.4934591274204321,24,0.4592055524589935
3,38,bacs_gated,0.23456840805065404,0.4934591274204321,24,0.4592055524589935
3,38,plus_0.30_6,0.18717308271324842,0.557621192758122,24,0.46359070632626825
3,39,fifo,0.6382830687847324,0.7554838674522051,24,0.42128170762533834
3,39,lifo,0.22205996110943665,0.4991334165067668,24,0.5169795937506939
3,39,random,0.18668815425195237,0.15428370066268726,24,0.5542585398454986
3,39,trust_only,0.18902024398930725,0.23974244148210197,24,0.5051622198559773
3,39,info_only,0.19390646986525584,0.2064320227581257,24,0.31360757567279635
3,39,bacs_gated,0.1591094324024878,0.20414307222547415,24,0.4386585857589669
3,39,plus_0.30_6,0.15479570561281922,0.2014850480152622,24,0.44955776581619517
4,10,fifo,0.16124506888465664,0.30920235430749565,32,0.5488305603668943
4,10,lifo,0.2761295524180963,0.5277646480902153,32,0.7914036104104183
4,10,random,0.1788509963807747,0.46247151031965406,32,0.5893219930902664
4,10,trust_only,0.16315439792481673,0.3999123274884432,32,0.5291509024420546
4,10,info_only,0.18599515008492082,0.20867163661454916,32,0.4692700720629865
4,10,bacs_gated,0.14579888195221788,0.2671055936377476,32,0.4848432606848323
4,10,plus_0.30_6,0.1622915623081116,0.3332918257226615,32,0.5175059593099337
4,11,fifo,0.3227271991554708,0.2842468327257513,32,0.3731808097819327
4,11,lifo,0.22436677342984768,0.471933561375425,32,0.8560413096200801
4,11,random,0.13029985804748143,0.33016949359472175,32,0.616066566050826
4,11,trust_only,0.166658233302074,0.3381711877884052,32,0.5829904929730596
4,11,info_only,0.21311151714988663,0.3406415384422388,32,0.44952039630796303
4,11,bacs_gated,0.21211340022181258,0.3511153873749322,32,0.4539840748514321
4,11,plus_0.30_6,0.12269637617287904,0.26085040169241813,32,0.4955277084436019
4,12,fifo,0.23081181615186755,0.42269428054797586,32,0.4284587517284801
4,12,lifo,0.21001197598538146,0.3392791454113197,32,0.7864386757690578
4,12,random,0.31217616891076416,0.43282094559318907,32,0.43049621331687643
4,12,trust_only,0.19667385856290626,0.39365232401533634,32,0.47301468661252877
4,12,info_only,0.231269412906504,0.3525289979058746,32,0.409525732189394
4,12,bacs_gated,0.1974034346525174,0.32692735191537226,32,0.40978002792486273
4,12,plus_0.30_6,0.17747086003630286,0.36717881422294596,32,0.45479306955872223
4,13,fifo,0.4440749496127476,0.5028658775683995,32,0.4333706778307877
4,13,lifo,0.2956485178178935,0.6206913825754963,32,0.7735131932161182
4,13,random,0.5418353578856857,0.5986033376065496,32,0.4313537312192675
4,13,trust_only,0.6423171845539395,0.6185362876735448,32,0.39792207576829697
4,13,info_only,0.28173122775005877,0.5460363456459916,32,0.36312744008967385
4,13,bacs_gated,0.2731519655010574,0.5468119913935358,32,0.3633692155731277
4,13,plus_0.30_6,0.28499447733379324,0.4809488735760136,32,0.3468456994205252
4,14,fifo,0.19010532021112744,0.30761234489570377,32,0.4208151660531592
4,14,lifo,0.2797051619962626,0.6708939396705733,32,0.751571656803401
4,14,random,0.26248482573133347,0.44527562122656944,32,0.38731754792092477
4,14,trust_only,0.7102364702999983,0.5804812242419576,32,0.4598874644662014
4,14,info_only,0.16898784325894425,0.2722815070076038,32,0.4188168133268314
4,14,bacs_gated,0.16935031475810017,0.2628546308824514,32,0.4215393024696521
4,14,plus_0.30_6,0.14705243577928012,0.26233446672822747,32,0.4374126648226999
4,15,fifo,0.2255695615017488,0.28486381840398334,32,0.4784423196795745
4,15,lifo,0.28350949795695707,0.4400439114713524,32,0.6844986769729645
4,15,random,0.1674038664239214,0.2602387079797613,32,0.5257441981389277
4,15,trust_only,0.25208565720247494,0.2093017051446046,32,0.5618879782323281
4,15,info_only,0.21570125173444482,0.3324488002767307,32,0.3649329898222304
4,15,bacs_gated,0.21570125173444482,0.3324488002767307,32,0.3649329898222304
4,15,plus_0.30_6,0.2220076792600734,0.3010476158663057,32,0.34765192576656334
4,16,fifo,0.36152682303668404,0.2688466726755675,32,0.39639094832742183
4,16,lifo,0.27851931469434393,0.38382514378454086,32,0.823175389563948
4,16,random,0.5151602886709133,0.22635524416074113,32,0.2817963460829922
4,16,trust_only,0.26001158898993415,0.44054669819724396,32,0.4838121947171038
4,16,info_only,0.20028007532451853,0.4451380354836339,32,0.3319285766086417
4,16,bacs_gated,0.20028007532451853,0.4451380354836339,32,0.3319285766086417
4,16,plus_0.30_6,0.1892229334086118,0.4471038264555195,32,0.33478175773458113
4,17,fifo,0.17508208443774265,0.6544223003780792,32,0.41044399511387597
4,17,lifo,0.18974839687402617,0.4440793178693162,32,0.7303938570809765
4,17,random,0.15427357865837732,0.3175075128079773,32,0.6420851879108014
4,17,trust_only,0.139277382099212,0.17006891838129276,32,0.5845014718054989
4,17,info_only,0.14193492294266793,0.22279105240180122,32,0.4896728901114687
4,17,bacs_gated,0.13730563156961684,0.22692630677447329,32,0.4936637150327758
4,17,plus_0.30_6,0.37674727915125167,0.41077805726818056,32,0.4591197415921901
4,18,fifo,0.22200504873088897,0.5800168573063829,32,0.323218490911589
4,18,lifo,0.4380925284346881,0.796060256321157,32,0.6723001457729939
4,18,random,0.22250509901649757,0.4250977826795012,32,0.44363963751305696
4,18,trust_only,0.19086192948022285,0.4395336573349651,32,0.40991954099425254
4,18,info_only,0.16808003762902726,0.4221004540351337,32,0.3583287009619056
4,18,bacs_gated,0.16808003762902726,0.4221004540351337,32,0.3583287009619056
4,18,plus_0.30_6,0.22161813665147187,0.4434732671211177,32,0.37652819415749283
4,19,fifo,0.18442029207464336,0.22326211406665092,32,0.5234552805096899
4,19,lifo,0.18996945721422523,0.4353577683050208,32,0.7760020661792149
4,19,random,0.16045680667407689,0.28902435966049145,32,0.5037148751851976
4,19,trust_only,0.15373207433797872,0.3214164065028468,32,0.5751437045412233
4,19,info_only,0.15916949755129495,0.3501262657216567,32,0.47905785439044435
4,19,bacs_gated,0.15916949755129495,0.3501262657216567,32,0.47905785439044435
4,19,plus_0.30_6,0.3112914454351914,0.44386972659947516,32,0.3295952257512391
4,20,fifo,0.3411446084810618,0.3162476319139698,32,0.44714791222554995
4,20,lifo,0.17049176932086793,0.37909941168653183,32,0.8233127325660964
4,20,random,0.16785984849820967,0.4049108225235945,32,0.40008603388427694
4,20,trust_only,0.2532616929405775,0.2981020336793361,32,0.5521129830217483
4,20,info_only,0.1831115696334758,0.3457672880404414,32,0.40888723713109165
4,20,bacs_gated,0.18520070596248975,0.3460887346118467,32,0.40967455601829095
4,20,plus_0.30_6,0.17182741538063823,0.25549646564706885,32,0.3861613801747453
4,21,fifo,0.3191797678804644,0.48261663215522843,32,0.30939962778177643
4,21,lifo,0.1801270231230407,0.5579868969082401,32,0.7547842385611017
4,21,random,0.14177273759854775,0.36530566565129613,32,0.5519794705716562
4,21,trust_only,0.25361487017956413,0.4069738953228431,32,0.4566523461334473
4,21,info_only,0.23176444740414856,0.32734697205774166,32,0.33303229410887975
4,21,bacs_gated,0.1804007647117336,0.35233862081719075,32,0.37098449303049197
4,21,plus_0.30_6,0.1949611102252053,0.3577872301128783,32,0.3856686150452058
4,22,fifo,0.4112606707538518,0.3884485605692917,32,0.42406672332972345
4,22,lifo,0.17964259318654213,0.4007463607708235,32,0.7862455412845184
4,22,random,0.20463182273542838,0.47694856330285856,32,0.5236256876126862
4,22,trust_only,0.7488279070187953,0.5303588212023573,32,0.31979053088261394
4,22,info_only,0.27171292170754835,0.43783153483825527,32,0.3494805307811495
4,22,bacs_gated,0.27171292170754835,0.43783153483825527,32,0.3494805307811495
4,22,plus_0.30_6,0.2708945525879617,0.3853172383313966,32,0.29899254763629896
4,23,fifo,0.7900727058821931,0.5367150686921904,32,0.3010749442803936
4,23,lifo,0.28084338726229,0.39439955532946763,32,0.7978504860326678
4,23,random,0.2187718215588587,0.6549770757979537,32,0.37695724905005545
4,23,trust_only,0.17665834511690126,0.28324166455697947,32,0.5374454315801149
4,23,info_only,0.17083806755238595,0.4809609993121143,32,0.3472550455921535
4,23,bacs_gated,0.17083806755238595,0.4809609993121143,32,0.3472550455921535
4,23,plus_0.30_6,0.24463448608401225,0.6171123049363477,32,0.2938302287901354
4,24,fifo,0.25506829407830445,0.5236247463104982,32,0.5145685575430958
4,24,lifo,0.28032234428892094,0.8677112535336508,32,0.8323634871870268
4,24,random,0.18182439020833333,0.6282657995671304,32,0.5019550463619697
4,24,trust_only,0.2950238338957994,0.5033145866937901,32,0.5373722708239352
4,24,info_only,0.1981481018554533,0.5044462906950825,32,0.4834299403252132
4,24,bacs_gated,0.20081938014507497,0.5070111446008024,32,0.4858711028209598
4,24,plus_0.30_6,0.1575509169029432,0.32079521874945216,32,0.4880274154284024
4,25,fifo,0.2352888321372172,0.38517559053135236,32,0.36980309207505524
4,25,lifo,0.29588308836294946,0.49042235332719675,32,0.8431924665982782
4,25,random,0.2878006486513546,0.3887810789337276,32,0.40965996852848274
4,25,trust_only,0.3904697068238207,0.30643251011391315,32,0.5668669976739515
4,25,info_only,0.33901488567452875,0.30380155967946143,32,0.2381532283908136
4,25,bacs_gated,0.33901488567452875,0.30380155967946143,32,0.2381532283908136
4,25,plus_0.30_6,0.24312062026303544,0.39605927034943755,32,0.22418835415791638
4,26,fifo,0.26285615416823077,0.49879064331682677,32,0.5136918159774106
4,26,lifo,0.17651525984376998,0.41945592064984055,32,0.7115967694586003
4,26,random,0.16464148578726004,0.26290756281606287,32,0.3370839979626623
4,26,trust_only,0.2450646530922069,0.6955611134603708,32,0.5275531911823101
4,26,info_only,0.23075693536901473,0.7556610296559136,32,0.4555442754489796
4,26,bacs_gated,0.24104630713535827,0.762085352275139,32,0.4556830590755152
4,26,plus_0.30_6,0.22317930620364254,0.6782487328866013,32,0.4799573774283266
4,27,fifo,0.1721402907072255,0.16561942996450818,32,0.4978463779732019
4,27,lifo,0.22553359847587462,0.4326883222218028,32,0.7906213474031023
4,27,random,0.15019069013031483,0.29718252397381484,32,0.5208849036352005
4,27,trust_only,0.18224178521801243,0.3755377353314696,32,0.45257036795380545
4,27,info_only,0.16400216892951228,0.26623593540415047,32,0.3116989056315447
4,27,bacs_gated,0.16400216892951228,0.26623593540415047,32,0.3116989056315447
4,27,plus_0.30_6,0.1339547417960525,0.34457998546740337,32,0.3392535510491958
4,28,fifo,0.15725666042923633,0.40761578484633687,32,0.44479498460548106
4,28,lifo,0.7598378398204014,0.5426644684281293,32,0.7170840724506662
4,28,random,0.2974761294880862,0.6023523044605396,32,0.3621718554096328
4,28,trust_only,0.21081754340682238,0.3174582982753282,32,0.569331884658471
4,28,info_only,0.14564349441142102,0.3736781245544578,32,0.4126502030223337
4,28,bacs_gated,0.13393302427301215,0.37823101289463895,32,0.4123926431007915
4,28,plus_0.30_6,0.11648842645941325,0.3687295085519845,32,0.4134034694432095
4,29,fifo,0.20083654861021838,0.2163200155731301,32,0.5784312764222408
4,29,lifo,0.2845401817348405,0.418739136977643,32,0.8541147301798377
4,29,random,0.2530579249497127,0.4315787926342265,32,0.5725812105808921
4,29,trust_only,0.1623566236509675,0.33469082440480163,32,0.5289494427640391
4,29,info_only,0.4494522357891205,0.4405344206630732,32,0.40944028561749357
4,29,bacs_gated,0.44984248730856313,0.4331863735203493,32,0.4096968608389871
4,29,plus_0.30_6,0.45008470566228115,0.34259438508421125,32,0.36376143171203534
4,30,fifo,0.30477264563934336,0.33874822637307045,32,0.4956670738444774
4,30,lifo,0.2084191054985062,0.28474413749107197,32,0.8627743239951977
4,30,random,0.24697221701303235,0.5808818540539586,32,0.5240308723813336
4,30,trust_only,0.19308924150713636,0.22120696179705462,32,0.5372734403006736
4,30,info_only,0.17228155944954923,0.24934336729866968,32,0.5186504447980079
4,30,bacs_gated,0.1790851954702006,0.2510134741676793,32,0.5188492710290376
4,30,plus_0.30_6,0.20673645364064291,0.23305227528507347,32,0.4769676060035581
4,31,fifo,0.20320343566876048,0.24806865491362062,32,0.5874870799923778
4,31,lifo,0.21593651825814525,0.526526688931711,32,0.6995699832951345
4,31,random,0.16477058781165171,0.2294037929987995,32,0.6648615927693748
4,31,trust_only,0.18958469373078973,0.18092529023493165,32,0.5979200110870201
4,31,info_only,0.16921816207939624,0.21882854679602506,32,0.5606309552362324
4,31,bacs_gated,0.16921816207939624,0.21882854679602506,32,0.5606309552362324
4,31,plus_0.30_6,0.18189821461981764,0.23625500017928985,32,0.5444953801166563
4,32,fifo,0.2561510920158607,0.2441602395162923,32,0.5052231397563736
4,32,lifo,0.21151446466786777,0.2059567428173821,32,0.7667713424009504
4,32,random,0.44328383791128717,0.40149749196336515,32,0.4733653650384708
4,32,trust_only,0.16941073283185407,0.3181765603379795,32,0.6101991663048755
4,32,info_only,0.1814152535620618,0.352271807673071,32,0.40810119294359376
4,32,bacs_gated,0.1814152535620618,0.352271807673071,32,0.40810119294359376
4,32,plus_0.30_6,0.17174535905085697,0.33602899668868524,32,0.40931909513397163
4,33,fifo,0.5398917978414289,0.5141993810475924,32,0.4176250133931584
4,33,lifo,0.31081927807689047,0.3463076300361467,32,0.7295935034911156
4,33,random,0.1847517818454932,0.43312805919789404,32,0.5833461238085305
4,33,trust_only,0.5052978671230348,0.4055531689031175,32,0.46472840103704083
4,33,info_only,0.14714198940078269,0.3363857580723552,32,0.42205840343355827
4,33,bacs_gated,0.14663213245827109,0.3446239051934343,32,0.44082818452870814
4,33,plus_0.30_6,0.2826698842178881,0.28649791802767843,32,0.3550618595748853
4,34,fifo,0.2353523272120966,0.30898531994078615,32,0.5131076976475498
4,34,lifo,0.3231404897546477,0.564026995930809,32,0.6606926448457746
4,34,random,0.21379459132936662,0.5121532832699317,32,0.4620549266114622
4,34,trust_only,0.24258711581354053,0.4169212490224323,32,0.4389842397858145
4,34,info_only,0.24957023053105293,0.44224863096508965,32,0.4884034466757219
4,34,bacs_gated,0.24957023053105293,0.44224863096508965,32,0.4884034466757219
4,34,plus_0.30_6,0.2899257424687001,0.3714216722204208,32,0.42029428572838234
4,35,fifo,0.1633147333204734,0.30054475401490044,32,0.3533184458452906
4,35,lifo,0.32351200358036764,0.439113847312504,32,0.8086667244514572
4,35,random,0.1654177492974244,0.3397859053605586,32,0.5546262434785765
4,35,trust_only,0.20815957533996568,0.2322903350695493,32,0.5140660099579282
4,35,info_only,0.18966287336471147,0.24937722333516546,32,0.47839037017028185
4,35,bacs_gated,0.18737550872535091,0.25763848739503564,32,0.49045599948337765
4,35,plus_0.30_6,0.18225175227474452,0.2689113013892773,32,0.45912340797051676
4,36,fifo,0.24854505750052877,0.2552269197447802,32,0.467577124971633
4,36,lifo,0.21481591618419676,0.23421647745379176,32,0.6721645923089719
4,36,random,0.16365699256775193,0.24243849812613188,32,0.46260812600111445
4,36,trust_only,0.4455030804246393,0.35835354116390505,32,0.4377235991621855
4,36,info_only,0.2234676938833696,0.22070405487033545,32,0.3844796602718123
4,36,bacs_gated,0.2234676938833696,0.22070405487033545,32,0.3844796602718123
4,36,plus_0.30_6,0.244031933675954,0.2527224312533243,32,0.389690259654244
4,37,fifo,0.1892464130013649,0.33837163800814274,32,0.5039718727392346
4,37,lifo,0.27168223170978223,0.5384480767550858,32,0.818261904229813
4,37,random,0.380658581652747,0.512361947232092,32,0.45955816155524754
4,37,trust_only,0.5391899256457995,0.4888594681310151,32,0.5212640998840772
4,37,info_only,0.27659409998944195,0.42140247796911456,32,0.35499186332541427
4,37,bacs_gated,0.27556612440511513,0.4180715404799376,32,0.35517868240578754
4,37,plus_0.30_6,0.21536829234429258,0.37002235485926543,32,0.34237232868245543
4,38,fifo,0.24287942642805696,0.4025972373741597,32,0.496732918736315
4,38,lifo,0.2928458027832964,0.48270176418402905,32,0.7981852855515436
4,38,random,0.20557403483945222,0.500058742970108,32,0.49981530693666343
4,38,trust_only,0.16005628083571644,0.6355546879928329,32,0.46597217379847305
4,38,info_only,0.19743082343418789,0.5650442186632663,32,0.357921137926506
4,38,bacs_gated,0.20285579003725507,0.5615202354288028,32,0.35801613393808274
4,38,plus_0.30_6,0.1683607791445249,0.5075309531330584,32,0.35259263635783455
4,39,fifo,0.2409216757372452,0.43974197244252033,32,0.3656029475264649
4,39,lifo,0.16294390905123232,0.3071372031014028,32,0.773102498198734
4,39,random,0.20504146047286975,0.35082481795258125,32,0.5509011034595649
4,39,trust_only,0.376940918642105,0.4875984628180931,32,0.4562527344057902
4,39,info_only,0.16569874630635906,0.4107090885007036,32,0.4269286405304446
4,39,bacs_gated,0.16569874630635906,0.4107090885007036,32,0.4269286405304446
4,39,plus_0.30_6,0.15496329795789948,0.40672959721399177,32,0.42982600530361126
5,10,fifo,0.24915574566069582,0.27439310527192146,40,0.3939045222079193
5,10,lifo,0.345451809722311,0.38663171360761467,40,0.8717025235536656
5,10,random,0.1454920682417494,0.3355773056659165,40,0.5853295576969588
5,10,trust_only,0.20245489159083224,0.4790938724704714,40,0.5921370902495644
5,10,info_only,0.09423567931984017,0.4346986583388388,40,0.49509103559661227
5,10,bacs_gated,0.09225168443378273,0.43664484076415405,40,0.49522418616594843
5,10,plus_0.30_6,0.14665930675885436,0.4665744511494512,40,0.48973273463444267
5,11,fifo,0.261265613073408,0.3728198899703477,40,0.5443496812635671
5,11,lifo,0.24227566166667105,0.44048444709257656,40,0.8699232051069025
5,11,random,0.3964439449520044,0.46824701326135293,40,0.6223129323156542
5,11,trust_only,0.18468617364876674,0.3053045661787948,40,0.6338425952957285
5,11,info_only,0.16360576441161218,0.29911319193046737,40,0.5788736974778662
5,11,bacs_gated,0.13261512058472427,0.30543086946505754,40,0.5949151337106722
5,11,plus_0.30_6,0.16139826186619208,0.3103320767872509,40,0.593040527812032
5,12,fifo,0.3195564729160222,0.23924259718467702,40,0.4202853826136912
5,12,lifo,0.14236300591281417,0.29973617518351725,40,0.8652272698327982
5,12,random,0.3097105736355269,0.4663308862190099,40,0.571773639398472
5,12,trust_only,1.1167066383958697,0.6449751285246668,40,0.5305696657700483
5,12,info_only,0.21826306160566525,0.6017134686007951,40,0.4023551870743775
5,12,bacs_gated,0.14332368185324906,0.5058445491514736,40,0.4415230599358674
5,12,plus_0.30_6,0.1931773338736935,0.3793148698622464,40,0.472805309956731
5,13,fifo,0.37621925801894207,0.2612809886852307,40,0.41596299154537864
5,13,lifo,0.18204027278184426,0.38219156892302103,40,0.7899476181756425
5,13,random,0.20440056233828333,0.3467005303914814,40,0.5525768101995223
5,13,trust_only,0.9079864114591629,0.5121832256517426,40,0.48520709634639425
5,13,info_only,0.35387356033540524,0.18043247084309857,40,0.421954400028581
5,13,bacs_gated,0.7150340472803005,0.39621334885389375,40,0.44251995252880716
5,13,plus_0.30_6,0.16408672579877548,0.2758322859951927,40,0.3990962402921638
5,14,fifo,0.23410445914673622,0.2405450700304308,40,0.45405022051378163
5,14,lifo,0.2426480242670415,0.36051457199501,40,0.8383770754884228
5,14,random,0.16105164346827905,0.30642796437800657,40,0.552104695514465
5,14,trust_only,0.5115733219888506,0.3640662423711293,40,0.5294200957413535
5,14,info_only,0.20766842424232373,0.2977654745643985,40,0.430890128951256
5,14,bacs_gated,0.22312075232666406,0.2923740906872839,40,0.5025937946421913
5,14,plus_0.30_6,0.17061956540439951,0.293932271822185,40,0.5274004051412046
5,15,fifo,0.20890260379673686,0.3576683905445167,40,0.5161913588429747
5,15,lifo,0.1610444171298731,0.3601051363912216,40,0.8973758790281348
5,15,random,0.11647344000258987,0.3307054558637103,40,0.5978735278980544
5,15,trust_only,0.2142236563832581,0.2699995798949961,40,0.5668845163099068
5,15,info_only,0.12690872214868404,0.3864467093799409,40,0.5392255200066259
5,15,bacs_gated,0.12966075379171432,0.39564903699328713,40,0.5445410948819827
5,15,plus_0.30_6,0.24280010378364308,0.4459746301092574,40,0.5419910160212913
5,16,fifo,0.14335209837260363,0.21420313040703218,40,0.5291163156809862
5,16,lifo,0.2005183328340557,0.3545097993782594,40,0.8234703855025707
5,16,random,0.18356042828179753,0.4215798751224141,40,0.5673483662149614
5,16,trust_only,0.1345751191609539,0.32056544095317596,40,0.5083212883615001
5,16,info_only,0.1069370161014575,0.331973295442634,40,0.5386766780377459
5,16,bacs_gated,0.1152608133361529,0.31773877898900144,40,0.5399298692355842
5,16,plus_0.30_6,0.09477041406551148,0.31844796725391167,40,0.5417557099384848
5,17,fifo,0.7807537509821294,0.6150246369754049,40,0.3974135315585849
5,17,lifo,0.20502869916800945,0.33795908237543876,40,0.886622103823002
5,17,random,0.15127609675874315,0.3236961104254834,40,0.526503523288911
5,17,trust_only,0.2738951137388773,0.2600892228292108,40,0.5487099068461451
5,17,info_only,0.31943854018006473,0.3328444632752691,40,0.44901959776475203
5,17,bacs_gated,0.35396794006146176,0.33501453170755696,40,0.4854522520743408
5,17,plus_0.30_6,0.3654547686699926,0.3689770168851654,40,0.42510414879028086
5,18,fifo,0.17908496676318028,0.2964824011433893,40,0.517769756625082
5,18,lifo,0.14213558899657394,0.4938302474700496,40,0.8583192129351135
5,18,random,0.25019362171074705,0.414076226980978,40,0.6356794788597053
5,18,trust_only,0.2592774381978007,0.4051403557086493,40,0.5874095986970509
5,18,info_only,0.2172817788347614,0.3871032470044477,40,0.5544403315088265
5,18,bacs_gated,0.2141050431306908,0.38556418529648634,40,0.5550742380359125
5,18,plus_0.30_6,0.1997111323850585,0.39629619375002173,40,0.53101590477266
5,19,fifo,0.18159025186628272,0.18987139127034064,40,0.5628522018238409
5,19,lifo,0.2869402169203354,0.32000120702765655,40,0.927785903844075
5,19,random,0.1577200329813329,0.20547051734149557,40,0.5890657353878288
5,19,trust_only,0.1629723310373453,0.22378355225396682,40,0.6364129992714427
5,19,info_only,0.30832195555234965,0.3088110507812,40,0.5436048091548065
5,19,bacs_gated,0.32756264243280103,0.3254613396267164,40,0.5551002751037001
5,19,plus_0.30_6,0.2987848547936593,0.33266882159147865,40,0.5548867674299311
5,20,fifo,0.16892157251506362,0.3084851626784154,40,0.46545384720391547
5,20,lifo,0.333508377006197,0.38891957141395367,40,0.8558773742193981
5,20,random,0.1231704322300697,0.3154015830375169,40,0.5707478543908222
5,20,trust_only,0.15613738801469368,0.2711135419151775,40,0.5757797994498693
5,20,info_only,0.09215969091621612,0.2495651612539039,40,0.523179752584939
5,20,bacs_gated,0.09569125067182876,0.25256395748181043,40,0.5246517893909891
5,20,plus_0.30_6,0.08844655822263467,0.28872185890153546,40,0.5263612405551066
5,21,fifo,0.2745909904622052,0.45138136029061504,40,0.46193703434025285
5,21,lifo,0.6069231530115116,0.43026959392303654,40,0.8500740830146565
5,21,random,0.2656441211127469,0.49234584025638023,40,0.49624950638821375
5,21,trust_only,0.4359869954110632,0.45462221425995825,40,0.529714318750919
5,21,info_only,0.11859883155640981,0.36895380620529705,40,0.5326574059384915
5,21,bacs_gated,0.14447311334741453,0.3845141927643096,40,0.5338511850657018
5,21,plus_0.30_6,0.18866869957069626,0.3367748125683873,40,0.4277048518522877
5,22,fifo,0.19553484438023616,0.284460282953982,40,0.5296010051629569
5,22,lifo,0.6220518788323979,0.41511229063501504,40,0.818149157371083
5,22,random,0.29256745874185397,0.33239416760313445,40,0.58964713058858
5,22,trust_only,0.18504935824639202,0.32346253010606435,40,0.5906819110169149
5,22,info_only,0.34515772088822677,0.3612271399872534,40,0.5107965784777324
5,22,bacs_gated,0.3506263410641663,0.35610197838478963,40,0.5133455871073849
5,22,plus_0.30_6,0.13472507252960544,0.3972827870499116,40,0.5412711786171724
5,23,fifo,0.152189151331648,0.30604162292985954,40,0.4930683114676424
5,23,lifo,0.632901426765217,0.6567016372589408,40,0.8492955012183723
5,23,random,0.13253202683671428,0.49392748501560835,40,0.4996452399546776
5,23,trust_only,0.5047816311701964,0.6198907726875112,40,0.5632858734164761
5,23,info_only,0.1388586699345549,0.44550860597069053,40,0.5207357206777419
5,23,bacs_gated,0.13710504582351132,0.4443698359402258,40,0.5219769906084526
5,23,plus_0.30_6,0.13398684959506454,0.4379358477998634,40,0.5082743014941187
5,24,fifo,0.3630602147945286,0.3580939562151889,40,0.5414371511277425
5,24,lifo,0.18451645922669918,0.46117976723697396,40,0.8718043691389539
5,24,random,0.22219998985204753,0.41070063264603307,40,0.5786558103191262
5,24,trust_only,0.9584362766164607,0.5778356247928288,40,0.45038803441332326
5,24,info_only,0.1699819934559191,0.42777721909410454,40,0.3884510798581512
5,24,bacs_gated,0.14282636633124954,0.44816072115095645,40,0.395281164897466
5,24,plus_0.30_6,0.2502352349866513,0.5121494643672917,40,0.418909012304377
5,25,fifo,0.2736022052309779,0.22848512855435005,40,0.5487321246529285
5,25,lifo,0.14207941085390846,0.37396926895352767,40,0.9200658731523532
5,25,random,0.15249912456976944,0.46294509209925283,40,0.5888647149073643
5,25,trust_only,0.18539749715724424,0.2725407548469649,40,0.628616227910333
5,25,info_only,0.13283036922299102,0.25034056870839977,40,0.5651849252910759
5,25,bacs_gated,0.15163990358002383,0.25900034931607047,40,0.5718664102914307
5,25,plus_0.30_6,0.13049583055505887,0.2509905601632494,40,0.5571940151485636
5,26,fifo,0.21186501564220903,0.6118322831502188,40,0.44105584031075545
5,26,lifo,0.5570590679714016,0.5691738278937316,40,0.8339141994140948
5,26,random,0.1383989332844451,0.4878759376522968,40,0.6072521389644205
5,26,trust_only,0.18879564382162642,0.5070165958540425,40,0.6298839086705548
5,26,info_only,0.12378341547460663,0.43403454444490225,40,0.4945890891752581
5,26,bacs_gated,0.12143538516201824,0.452830447150183,40,0.5346702289147809
5,26,plus_0.30_6,0.16036988843347874,0.49108322487576306,40,0.5375934800929472
5,27,fifo,0.18128444582980682,0.2422519093317331,40,0.4808300563246536
5,27,lifo,0.16056244260786642,0.4145624527074006,40,0.8320212682797585
5,27,random,0.16240936631343522,0.30159466257739226,40,0.5803973007718979
5,27,trust_only,0.44365684846120296,0.2888476288579558,40,0.557217030817533
5,27,info_only,0.11125185968873215,0.24393366789748927,40,0.48851104207413665
5,27,bacs_gated,0.1195370561317426,0.25068982147364643,40,0.4951567872557101
5,27,plus_0.30_6,0.1855690939770224,0.21134770887794954,40,0.45939880398240496
5,28,fifo,0.3870334593407438,0.26485439318949794,40,0.4814475500115992
5,28,lifo,0.21671926924101823,0.41418623878764904,40,0.8577638498798432
5,28,random,0.31323407597633746,0.31166695988081516,40,0.4871341916684105
5,28,trust_only,0.14023812065989166,0.2851942473555156,40,0.6022961675038196
5,28,info_only,0.1417081373460102,0.32156735257134755,40,0.5531563511005141
5,28,bacs_gated,0.12983740198448196,0.318167159494142,40,0.5538493439594899
5,28,plus_0.30_6,0.11633989901079149,0.3738726164989153,40,0.5081980989455388
5,29,fifo,0.22145294957884337,0.22553655857784805,40,0.5519226651323053
5,29,lifo,0.1369490270389998,0.28323137911969937,40,0.9326865539553166
5,29,random,0.4758375174676877,0.31133745533208096,40,0.5633517661321279
5,29,trust_only,0.23845834591100507,0.20362152391553143,40,0.6331044835370478
5,29,info_only,0.16767624730282685,0.16875328191084002,40,0.58244612459561
5,29,bacs_gated,0.17435335810116875,0.17390778838560225,40,0.5844016974147553
5,29,plus_0.30_6,0.1524654832918528,0.15699452653098547,40,0.5976084619709325
5,30,fifo,0.20520102289138006,0.23932355587601326,40,0.44611197457353563
5,30,lifo,0.24141745806627046,0.398333294943649,40,0.8251825060750143
5,30,random,0.19673059008042756,0.4300244620997628,40,0.5830053031185571
5,30,trust_only,0.10972157142885419,0.20166719746157252,40,0.5762821492977478
5,30,info_only,0.07923953283057372,0.1981474742235588,40,0.5700866936499613
5,30,bacs_gated,0.07635864137399714,0.21266155554453797,40,0.5704178309764805
5,30,plus_0.30_6,0.11675016304404735,0.26247843395470477,40,0.5437852191170875
5,31,fifo,0.19106249706675796,0.2778638439620151,40,0.5883982457905682
5,31,lifo,0.5853422389676358,0.3473132858754108,40,0.8558573828223522
5,31,random,0.2484914810599536,0.2940166783498781,40,0.6008014600769114
5,31,trust_only,0.12537791490211955,0.26368929552365217,40,0.6125075946143298
5,31,info_only,0.09558628655296475,0.22547895917006552,40,0.5481859704871148
5,31,bacs_gated,0.1096526335479334,0.24266108113313284,40,0.5548132298935995
5,31,plus_0.30_6,0.13117232064843592,0.25076188825533724,40,0.5565292517601689
5,32,fifo,0.22774535834726745,0.29084402084516386,40,0.5701352352140663
5,32,lifo,0.1961425149534113,0.20561228915003862,40,0.9287571988044327
5,32,random,0.2584613999186312,0.31868542425237545,40,0.5780536447451705
5,32,trust_only,0.13421087465053472,0.2766454820334328,40,0.6312745395854111
5,32,info_only,0.13617293220166188,0.27639081954144795,40,0.5613400005557982
5,32,bacs_gated,0.13450231854645114,0.2681113541936849,40,0.5589044114769319
5,32,plus_0.30_6,0.12487297264723977,0.18462320533803125,40,0.5505615578659482
5,33,fifo,0.1958332802417063,0.27926458115703645,40,0.5210965837226202
5,33,lifo,0.17910621354598608,0.1623758386251769,40,0.9103707537085878
5,33,random,0.12282016279407741,0.33001159339216213,40,0.5131036450550016
5,33,trust_only,0.15334720935713864,0.20554004302217116,40,0.5828138363313862
5,33,info_only,0.35656799830587826,0.2593030895303185,40,0.5159349224692901
5,33,bacs_gated,0.3540293620157961,0.25805931561130163,40,0.522606709424015
5,33,plus_0.30_6,0.14070086574941487,0.20361567652934306,40,0.47453776790900537
5,34,fifo,0.1545097143208735,0.41439628301963527,40,0.506173817536363
5,34,lifo,0.20108652773850974,0.5001275278371129,40,0.8263658175880032
5,34,random,0.11085069216072639,0.33900916940361614,40,0.5603702107279845
5,34,trust_only,0.2985266720490339,0.3589759473568987,40,0.5843564697274302
5,34,info_only,0.25001510228413204,0.3721197519203789,40,0.5165483697797469
5,34,bacs_gated,0.24941621757782687,0.3717564958984192,40,0.5231877443532873
5,34,plus_0.30_6,0.2562275415369619,0.33323248526841537,40,0.5228999789940684
5,35,fifo,0.21728263023364477,0.25725845032372224,40,0.5279427331350351
5,35,lifo,0.16378382376194375,0.47306328466769404,40,0.8532546196716156
5,35,random,0.1193533260309963,0.2628426986045344,40,0.6521095254233946
5,35,trust_only,0.14081661353251304,0.2437554654236116,40,0.6548474867225578
5,35,info_only,0.13122531342589439,0.2708551143069095,40,0.60176245798184
5,35,bacs_gated,0.12231077658125263,0.2542741467889699,40,0.608749579512485
5,35,plus_0.30_6,0.12253527017277539,0.23280057498705745,40,0.6056341082339528
5,36,fifo,0.42400770865950443,0.30012603022120865,40,0.4707497177631961
5,36,lifo,0.3201585316962339,0.26767329300676995,40,0.8403173233882493
5,36,random,0.33963869780340644,0.4371518355246178,40,0.49085472296526317
5,36,trust_only,0.7462750371864763,0.38902829019793683,40,0.48432983827801157
5,36,info_only,0.710888339730015,0.44917760140571644,40,0.38791023849021644
5,36,bacs_gated,0.710888339730015,0.44917760140571644,40,0.38791023849021644
5,36,plus_0.30_6,0.4304055244313943,0.39539064058800144,40,0.3906347948761334
5,37,fifo,0.27827056327505634,0.33786072230471387,40,0.503239675314591
5,37,lifo,0.1996665980704889,0.4500328468820281,40,0.8359315849051374
5,37,random,0.1396716674701703,0.30036502558025696,40,0.5745500761955441
5,37,trust_only,0.16527549202298308,0.3924484550530113,40,0.6391892378604704
5,37,info_only,0.12276517471409056,0.3652455914485582,40,0.5672186978040179
5,37,bacs_gated,0.12380545300767995,0.366000352023519,40,0.5658323433892811
5,37,plus_0.30_6,0.1490849029176867,0.28757277977481716,40,0.5497377128723862
5,38,fifo,0.2111923618017331,0.34988491892338086,40,0.3983634861670379
5,38,lifo,0.25632110855366763,0.37491674399986497,40,0.8609582418594538
5,38,random,0.48556870622291576,0.43593038852758315,40,0.48064868960115625
5,38,trust_only,0.5649906069665636,0.3570635808384884,40,0.41151330234079825
5,38,info_only,0.20717853204458025,0.3305157025671343,40,0.38011373957770117
5,38,bacs_gated,0.2079552058430046,0.32927857637665414,40,0.38019139813858305
5,38,plus_0.30_6,0.3300751160580502,0.8179493771420456,40,0.2553932993091923
5,39,fifo,0.24389249782631459,0.19984044810205462,40,0.5426318792671877
5,39,lifo,0.18212162945542257,0.26790177493157646,40,0.9013006577449915
5,39,random,0.12230365623063043,0.474963345646315,40,0.5900855388043089
5,39,trust_only,0.5293030701188214,0.22870463216441986,40,0.6084414242366722
5,39,info_only,0.1833051720322458,0.32920515178258436,40,0.4643362058287089
5,39,bacs_gated,0.2272035425874619,0.33498149684684225,40,0.47374295035805203
5,39,plus_0.30_6,0.11848144674646972,0.37768455160681064,40,0.39072628318760344
