timestamp,gen_time,sel_time,tx_time,rx_time,status
0.0,0.0,158.83762239569387,158.83862239569387,159.00862239569386,TX
0.35,0.35,156.03547676042425,156.03647676042425,156.20647676042424,TX
0.7,0.7,159.32412837070703,159.32512837070703,159.49512837070702,TX
1.0499999999999998,1.0499999999999998,153.92010637312964,153.92110637312965,154.09110637312963,TX
1.4,1.4,152.69771129896475,152.69871129896475,152.86871129896474,TX
1.75,1.75,161.12627666816226,161.12727666816227,161.29727666816225,TX
2.0999999999999996,2.0999999999999996,156.85953983055336,156.86053983055336,157.03053983055335,TX
2.4499999999999997,2.4499999999999997,153.0651776376759,153.0661776376759,153.2361776376759,TX
2.8,2.8,159.7714635752722,159.7724635752722,159.9424635752722,TX
3.15,3.15,162.10140755734034,162.10240755734034,162.27240755734033,TX
3.5,3.5,158.38043798096888,158.38143798096888,158.55143798096887,TX
3.8499999999999996,3.8499999999999996,154.39617450781103,154.39717450781103,154.56717450781102,TX
4.199999999999999,4.199999999999999,157.6732505619567,157.6742505619567,157.8442505619567,TX
4.55,4.55,157.52562411092725,157.52662411092726,157.69662411092725,TX
4.8999999999999995,4.8999999999999995,,,,PENDING_AT_END
5.25,5.25,,,,PENDING_AT_END
5.6,5.6,,,,PENDING_AT_END
5.949999999999999,5.949999999999999,,,,PENDING_AT_END
6.3,6.3,,,,PENDING_AT_END
6.6499999999999995,6.6499999999999995,,,,PENDING_AT_END
7.0,7.0,,,,PENDING_AT_END
7.35,7.35,,,,PENDING_AT_END
7.699999999999999,7.699999999999999,,,,PENDING_AT_END
8.049999999999999,8.049999999999999,,,,PENDING_AT_END
8.399999999999999,8.399999999999999,,,,PENDING_AT_END
8.75,8.75,,,,PENDING_AT_END
9.1,9.1,,,,PENDING_AT_END
9.45,9.45,,,,PENDING_AT_END
9.799999999999999,9.799999999999999,,,,PENDING_AT_END
10.149999999999999,10.149999999999999,,,,PENDING_AT_END
10.5,10.5,,,,PENDING_AT_END
10.85,10.85,,,,PENDING_AT_END
11.2,11.2,,,,PENDING_AT_END
11.549999999999999,11.549999999999999,,,,PENDING_AT_END
11.899999999999999,11.899999999999999,,,,PENDING_AT_END
12.25,12.25,,,,PENDING_AT_END
12.6,12.6,,,,PENDING_AT_END
12.95,12.95,,,,PENDING_AT_END
13.299999999999999,13.299999999999999,,,,PENDING_AT_END
13.649999999999999,13.649999999999999,,,,PENDING_AT_END
14.0,14.0,,,,PENDING_AT_END
14.35,14.35,,,,PENDING_AT_END
14.7,14.7,,,,PENDING_AT_END
15.049999999999999,15.049999999999999,,,,PENDING_AT_END
15.399999999999999,15.399999999999999,,,,PENDING_AT_END
15.749999999999998,15.749999999999998,,,,PENDING_AT_END
16.099999999999998,16.099999999999998,,,,PENDING_AT_END
16.45,16.45,,,,PENDING_AT_END
16.799999999999997,16.799999999999997,,,,PENDING_AT_END
17.15,17.15,,,,PENDING_AT_END
17.5,17.5,,,,PENDING_AT_END
17.849999999999998,17.849999999999998,,,,PENDING_AT_END
18.2,18.2,,,,PENDING_AT_END
18.549999999999997,18.549999999999997,,,,PENDING_AT_END
18.9,18.9,,,,PENDING_AT_END
19.25,19.25,,,,PENDING_AT_END
19.599999999999998,19.599999999999998,,,,PENDING_AT_END
19.95,19.95,,,,PENDING_AT_END
20.299999999999997,20.299999999999997,,,,PENDING_AT_END
20.65,20.65,,,,PENDING_AT_END
21.0,21.0,,,,PENDING_AT_END
21.349999999999998,21.349999999999998,,,,PENDING_AT_END
21.7,21.7,,,,PENDING_AT_END
22.049999999999997,22.049999999999997,,,,PENDING_AT_END
22.4,22.4,,,,PENDING_AT_END
22.75,22.75,,,,PENDING_AT_END
23.099999999999998,23.099999999999998,,,,PENDING_AT_END
23.45,23.45,,,,PENDING_AT_END
23.799999999999997,23.799999999999997,,,,PENDING_AT_END
24.15,24.15,,,,PENDING_AT_END
24.5,24.5,,,,PENDING_AT_END
24.849999999999998,24.849999999999998,,,,PENDING_AT_END
25.2,25.2,,,,PENDING_AT_END
25.549999999999997,25.549999999999997,,,,PENDING_AT_END
25.9,25.9,,,,PENDING_AT_END
26.25,26.25,,,,PENDING_AT_END
26.599999999999998,26.599999999999998,,,,PENDING_AT_END
26.95,26.95,,,,PENDING_AT_END
27.299999999999997,27.299999999999997,,,,PENDING_AT_END
27.65,27.65,,,,PENDING_AT_END
28.0,28.0,,,,PENDING_AT_END
28.349999999999998,28.349999999999998,,,,PENDING_AT_END
28.7,28.7,,,,PENDING_AT_END
29.049999999999997,29.049999999999997,,,,PENDING_AT_END
29.4,29.4,,,,PENDING_AT_END
29.749999999999996,29.749999999999996,,,,PENDING_AT_END
30.099999999999998,30.099999999999998,,,,PENDING_AT_END
30.45,30.45,,,,PENDING_AT_END
30.799999999999997,30.799999999999997,,,,PENDING_AT_END
31.15,31.15,,,,PENDING_AT_END
31.499999999999996,31.499999999999996,,,,PENDING_AT_END
31.849999999999998,31.849999999999998,,,,PENDING_AT_END
32.199999999999996,32.199999999999996,,,,PENDING_AT_END
32.55,32.55,,,,PENDING_AT_END
32.9,32.9,,,,PENDING_AT_END
33.25,33.25,,,,PENDING_AT_END
33.599999999999994,33.599999999999994,,,,PENDING_AT_END
33.949999999999996,33.949999999999996,,,,PENDING_AT_END
34.3,34.3,,,,PENDING_AT_END
34.65,34.65,,,,PENDING_AT_END
35.0,35.0,,,,PENDING_AT_END
35.349999999999994,35.349999999999994,,,,PENDING_AT_END
35.699999999999996,35.699999999999996,,,,PENDING_AT_END
36.05,36.05,,,,PENDING_AT_END
36.4,36.4,,,,PENDING_AT_END
36.75,36.75,,,,PENDING_AT_END
37.099999999999994,37.099999999999994,,,,PENDING_AT_END
37.449999999999996,37.449999999999996,,,,PENDING_AT_END
37.8,37.8,,,,PENDING_AT_END
38.15,38.15,,,,PENDING_AT_END
38.5,38.5,,,,PENDING_AT_END
38.849999999999994,38.849999999999994,,,,PENDING_AT_END
39.199999999999996,39.199999999999996,,,,PENDING_AT_END
39.55,39.55,,,,PENDING_AT_END
39.9,39.9,,,,PENDING_AT_END
40.25,40.25,,,,PENDING_AT_END
40.599999999999994,40.599999999999994,,,,PENDING_AT_END
40.949999999999996,40.949999999999996,,,,PENDING_AT_END
41.3,41.3,,,,PENDING_AT_END
41.65,41.65,,,,PENDING_AT_END
42.0,42.0,,,,PENDING_AT_END
42.349999999999994,42.349999999999994,,,,PENDING_AT_END
42.699999999999996,42.699999999999996,,,,PENDING_AT_END
43.05,43.05,,,,PENDING_AT_END
43.4,43.4,,,,PENDING_AT_END
43.75,43.75,,,,PENDING_AT_END
44.099999999999994,44.099999999999994,,,,PENDING_AT_END
44.449999999999996,44.449999999999996,,,,PENDING_AT_END
44.8,44.8,,,,PENDING_AT_END
45.15,45.15,,,,PENDING_AT_END
45.5,45.5,,,,PENDING_AT_END
45.849999999999994,45.849999999999994,,,,PENDING_AT_END
46.199999999999996,46.199999999999996,,,,PENDING_AT_END
46.55,46.55,,,,PENDING_AT_END
46.9,46.9,,,,PENDING_AT_END
47.25,47.25,,,,PENDING_AT_END
47.599999999999994,47.599999999999994,,,,PENDING_AT_END
47.949999999999996,47.949999999999996,,,,PENDING_AT_END
48.3,48.3,,,,PENDING_AT_END
48.65,48.65,,,,PENDING_AT_END
49.0,49.0,,,,PENDING_AT_END
49.349999999999994,49.349999999999994,,,,PENDING_AT_END
49.699999999999996,49.699999999999996,,,,PENDING_AT_END
50.05,50.05,,,,PENDING_AT_END
50.4,50.4,,,,PENDING_AT_END
50.75,50.75,,,,PENDING_AT_END
51.099999999999994,51.099999999999994,,,,PENDING_AT_END
51.449999999999996,51.449999999999996,,,,PENDING_AT_END
51.8,51.8,,,,PENDING_AT_END
52.15,52.15,,,,PENDING_AT_END
52.5,52.5,,,,PENDING_AT_END
52.849999999999994,52.849999999999994,,,,PENDING_AT_END
53.199999999999996,53.199999999999996,,,,PENDING_AT_END
53.55,53.55,,,,PENDING_AT_END
53.9,53.9,,,,PENDING_AT_END
54.25,54.25,,,,PENDING_AT_END
54.599999999999994,54.599999999999994,,,,PENDING_AT_END
54.949999999999996,54.949999999999996,,,,PENDING_AT_END
55.3,55.3,,,,PENDING_AT_END
55.65,55.65,,,,PENDING_AT_END
56.0,56.0,,,,PENDING_AT_END
56.349999999999994,56.349999999999994,,,,PENDING_AT_END
56.699999999999996,56.699999999999996,,,,PENDING_AT_END
57.05,57.05,,,,PENDING_AT_END
57.4,57.4,,,,PENDING_AT_END
57.74999999999999,57.74999999999999,,,,PENDING_AT_END
58.099999999999994,58.099999999999994,,,,PENDING_AT_END
58.449999999999996,58.449999999999996,,,,PENDING_AT_END
58.8,58.8,,,,PENDING_AT_END
59.15,59.15,,,,PENDING_AT_END
59.49999999999999,59.49999999999999,,,,PENDING_AT_END
59.849999999999994,59.849999999999994,,,,PENDING_AT_END
60.199999999999996,60.199999999999996,,,,PENDING_AT_END
60.55,60.55,,,,PENDING_AT_END
60.9,60.9,,,,PENDING_AT_END
61.24999999999999,61.24999999999999,,,,PENDING_AT_END
61.599999999999994,61.599999999999994,,,,PENDING_AT_END
61.949999999999996,61.949999999999996,,,,PENDING_AT_END
62.3,62.3,,,,PENDING_AT_END
62.65,62.65,,,,PENDING_AT_END
62.99999999999999,62.99999999999999,,,,PENDING_AT_END
63.349999999999994,63.349999999999994,,,,PENDING_AT_END
63.699999999999996,63.699999999999996,,,,PENDING_AT_END
64.05,64.05,,,,PENDING_AT_END
64.39999999999999,64.39999999999999,,,,PENDING_AT_END
64.75,64.75,,,,PENDING_AT_END
65.1,65.1,,,,PENDING_AT_END
65.45,65.45,,,,PENDING_AT_END
65.8,65.8,,,,PENDING_AT_END
66.14999999999999,66.14999999999999,,,,PENDING_AT_END
66.5,66.5,,,,PENDING_AT_END
66.85,66.85,,,,PENDING_AT_END
67.19999999999999,67.19999999999999,,,,PENDING_AT_END
67.55,67.55,,,,PENDING_AT_END
67.89999999999999,67.89999999999999,,,,PENDING_AT_END
68.25,68.25,,,,PENDING_AT_END
68.6,68.6,,,,PENDING_AT_END
68.94999999999999,68.94999999999999,,,,PENDING_AT_END
69.3,69.3,,,,PENDING_AT_END
69.64999999999999,69.64999999999999,,,,PENDING_AT_END
70.0,70.0,,,,PENDING_AT_END
70.35,70.35,,,,PENDING_AT_END
70.69999999999999,70.69999999999999,,,,PENDING_AT_END
71.05,71.05,,,,PENDING_AT_END
71.39999999999999,71.39999999999999,,,,PENDING_AT_END
71.75,71.75,,,,PENDING_AT_END
72.1,72.1,,,,PENDING_AT_END
72.44999999999999,72.44999999999999,,,,PENDING_AT_END
72.8,72.8,,,,PENDING_AT_END
73.14999999999999,73.14999999999999,,,,PENDING_AT_END
73.5,73.5,,,,PENDING_AT_END
73.85,73.85,,,,PENDING_AT_END
74.19999999999999,74.19999999999999,,,,PENDING_AT_END
74.55,74.55,,,,PENDING_AT_END
74.89999999999999,74.89999999999999,,,,PENDING_AT_END
75.25,75.25,,,,PENDING_AT_END
75.6,75.6,,,,PENDING_AT_END
75.94999999999999,75.94999999999999,,,,PENDING_AT_END
76.3,76.3,,,,PENDING_AT_END
76.64999999999999,76.64999999999999,,,,PENDING_AT_END
77.0,77.0,,,,PENDING_AT_END
77.35,77.35,,,,PENDING_AT_END
77.69999999999999,77.69999999999999,,,,PENDING_AT_END
78.05,78.05,,,,PENDING_AT_END
78.39999999999999,78.39999999999999,,,,PENDING_AT_END
78.75,78.75,,,,PENDING_AT_END
79.1,79.1,,,,PENDING_AT_END
79.44999999999999,79.44999999999999,,,,PENDING_AT_END
79.8,79.8,,,,PENDING_AT_END
80.14999999999999,80.14999999999999,,,,PENDING_AT_END
80.5,80.5,,,,PENDING_AT_END
80.85,80.85,,,,PENDING_AT_END
81.19999999999999,81.19999999999999,,,,PENDING_AT_END
81.55,81.55,,,,PENDING_AT_END
81.89999999999999,81.89999999999999,,,,PENDING_AT_END
82.25,82.25,,,,PENDING_AT_END
82.6,82.6,,,,PENDING_AT_END
82.94999999999999,82.94999999999999,,,,PENDING_AT_END
83.3,83.3,,,,PENDING_AT_END
83.64999999999999,83.64999999999999,,,,PENDING_AT_END
84.0,84.0,,,,PENDING_AT_END
84.35,84.35,,,,PENDING_AT_END
84.69999999999999,84.69999999999999,,,,PENDING_AT_END
85.05,85.05,,,,PENDING_AT_END
85.39999999999999,85.39999999999999,,,,PENDING_AT_END
85.75,85.75,,,,PENDING_AT_END
86.1,86.1,,,,PENDING_AT_END
86.44999999999999,86.44999999999999,,,,PENDING_AT_END
86.8,86.8,,,,PENDING_AT_END
87.14999999999999,87.14999999999999,,,,PENDING_AT_END
87.5,87.5,,,,PENDING_AT_END
87.85,87.85,,,,PENDING_AT_END
88.19999999999999,88.19999999999999,,,,PENDING_AT_END
88.55,88.55,,,,PENDING_AT_END
88.89999999999999,88.89999999999999,,,,PENDING_AT_END
89.25,89.25,,,,PENDING_AT_END
89.6,89.6,,,,PENDING_AT_END
89.94999999999999,89.94999999999999,,,,PENDING_AT_END
90.3,90.3,,,,PENDING_AT_END
90.64999999999999,90.64999999999999,,,,PENDING_AT_END
91.0,91.0,,,,PENDING_AT_END
91.35,91.35,,,,PENDING_AT_END
91.69999999999999,91.69999999999999,,,,PENDING_AT_END
92.05,92.05,,,,PENDING_AT_END
92.39999999999999,92.39999999999999,,,,PENDING_AT_END
92.75,92.75,,,,PENDING_AT_END
93.1,93.1,,,,PENDING_AT_END
93.44999999999999,93.44999999999999,,,,PENDING_AT_END
93.8,93.8,,,,PENDING_AT_END
94.14999999999999,94.14999999999999,,,,PENDING_AT_END
94.5,94.5,,,,PENDING_AT_END
94.85,94.85,,,,PENDING_AT_END
95.19999999999999,95.19999999999999,,,,PENDING_AT_END
95.55,95.55,,,,PENDING_AT_END
95.89999999999999,95.89999999999999,,,,PENDING_AT_END
96.25,96.25,,,,PENDING_AT_END
96.6,96.6,,,,PENDING_AT_END
96.94999999999999,96.94999999999999,,,,PENDING_AT_END
97.3,97.3,,,,PENDING_AT_END
97.64999999999999,97.64999999999999,,,,PENDING_AT_END
98.0,98.0,,,,PENDING_AT_END
98.35,98.35,,,,PENDING_AT_END
98.69999999999999,98.69999999999999,,,,PENDING_AT_END
99.05,99.05,,,,PENDING_AT_END
99.39999999999999,99.39999999999999,,,,PENDING_AT_END
99.75,99.75,,,,PENDING_AT_END
100.1,100.1,,,,PENDING_AT_END
100.44999999999999,100.44999999999999,,,,PENDING_AT_END
100.8,100.8,,,,PENDING_AT_END
101.14999999999999,101.14999999999999,,,,PENDING_AT_END
101.5,101.5,,,,PENDING_AT_END
101.85,101.85,,,,PENDING_AT_END
102.19999999999999,102.19999999999999,,,,PENDING_AT_END
102.55,102.55,,,,PENDING_AT_END
102.89999999999999,102.89999999999999,,,,PENDING_AT_END
103.25,103.25,,,,PENDING_AT_END
103.6,103.6,,,,PENDING_AT_END
103.94999999999999,103.94999999999999,,,,PENDING_AT_END
104.3,104.3,,,,PENDING_AT_END
104.64999999999999,104.64999999999999,,,,PENDING_AT_END
105.0,105.0,,,,PENDING_AT_END
105.35,105.35,,,,PENDING_AT_END
105.69999999999999,105.69999999999999,,,,PENDING_AT_END
106.05,106.05,,,,PENDING_AT_END
106.39999999999999,106.39999999999999,,,,PENDING_AT_END
106.75,106.75,,,,PENDING_AT_END
107.1,107.1,,,,PENDING_AT_END
107.44999999999999,107.44999999999999,,,,PENDING_AT_END
107.8,107.8,,,,PENDING_AT_END
108.14999999999999,108.14999999999999,,,,PENDING_AT_END
108.5,108.5,,,,PENDING_AT_END
108.85,108.85,,,,PENDING_AT_END
109.19999999999999,109.19999999999999,,,,PENDING_AT_END
109.55,109.55,,,,PENDING_AT_END
109.89999999999999,109.89999999999999,,,,PENDING_AT_END
110.25,110.25,,,,PENDING_AT_END
110.6,110.6,,,,PENDING_AT_END
110.94999999999999,110.94999999999999,,,,PENDING_AT_END
111.3,111.3,,,,PENDING_AT_END
111.64999999999999,111.64999999999999,,,,PENDING_AT_END
112.0,112.0,,,,PENDING_AT_END
112.35,112.35,,,,PENDING_AT_END
112.69999999999999,112.69999999999999,,,,PENDING_AT_END
113.05,113.05,,,,PENDING_AT_END
113.39999999999999,113.39999999999999,,,,PENDING_AT_END
113.74999999999999,113.74999999999999,,,,PENDING_AT_END
114.1,114.1,,,,PENDING_AT_END
114.44999999999999,114.44999999999999,,,,PENDING_AT_END
114.8,114.8,,,,PENDING_AT_END
115.14999999999999,115.14999999999999,,,,PENDING_AT_END
115.49999999999999,115.49999999999999,,,,PENDING_AT_END
115.85,115.85,,,,PENDING_AT_END
116.19999999999999,116.19999999999999,,,,PENDING_AT_END
116.55,116.55,,,,PENDING_AT_END
116.89999999999999,116.89999999999999,,,,PENDING_AT_END
117.24999999999999,117.24999999999999,,,,PENDING_AT_END
117.6,117.6,,,,PENDING_AT_END
117.94999999999999,117.94999999999999,,,,PENDING_AT_END
118.3,118.3,,,,PENDING_AT_END
118.64999999999999,118.64999999999999,,,,PENDING_AT_END
118.99999999999999,118.99999999999999,,,,PENDING_AT_END
119.35,119.35,,,,PENDING_AT_END
119.69999999999999,119.69999999999999,,,,PENDING_AT_END
120.05,120.05,,,,PENDING_AT_END
120.39999999999999,120.39999999999999,,,,PENDING_AT_END
120.74999999999999,120.74999999999999,,,,PENDING_AT_END
121.1,121.1,,,,PENDING_AT_END
121.44999999999999,121.44999999999999,,,,PENDING_AT_END
121.8,121.8,,,,PENDING_AT_END
122.14999999999999,122.14999999999999,,,,PENDING_AT_END
122.49999999999999,122.49999999999999,,,,PENDING_AT_END
122.85,122.85,,,,PENDING_AT_END
123.19999999999999,123.19999999999999,,,,PENDING_AT_END
123.55,123.55,,,,PENDING_AT_END
123.89999999999999,123.89999999999999,,,,PENDING_AT_END
124.24999999999999,124.24999999999999,,,,PENDING_AT_END
124.6,124.6,,,,PENDING_AT_END
124.94999999999999,124.94999999999999,,,,PENDING_AT_END
125.3,125.3,,,,PENDING_AT_END
125.64999999999999,125.64999999999999,,,,PENDING_AT_END
125.99999999999999,125.99999999999999,,,,PENDING_AT_END
126.35,126.35,,,,PENDING_AT_END
126.69999999999999,126.69999999999999,,,,PENDING_AT_END
127.05,127.05,,,,PENDING_AT_END
127.39999999999999,127.39999999999999,,,,PENDING_AT_END
127.74999999999999,127.74999999999999,,,,PENDING_AT_END
128.1,128.1,,,,PENDING_AT_END
128.45,128.45,,,,PENDING_AT_END
128.79999999999998,128.79999999999998,,,,PENDING_AT_END
129.15,129.15,,,,PENDING_AT_END
129.5,129.5,,,,PENDING_AT_END
129.85,129.85,,,,PENDING_AT_END
130.2,130.2,,,,PENDING_AT_END
130.54999999999998,130.54999999999998,,,,PENDING_AT_END
130.9,130.9,,,,PENDING_AT_END
131.25,131.25,,,,PENDING_AT_END
131.6,131.6,,,,PENDING_AT_END
131.95,131.95,,,,PENDING_AT_END
132.29999999999998,132.29999999999998,,,,PENDING_AT_END
132.65,132.65,,,,PENDING_AT_END
133.0,133.0,,,,PENDING_AT_END
133.35,133.35,,,,PENDING_AT_END
133.7,133.7,,,,PENDING_AT_END
134.04999999999998,134.04999999999998,,,,PENDING_AT_END
134.39999999999998,134.39999999999998,,,,PENDING_AT_END
134.75,134.75,,,,PENDING_AT_END
135.1,135.1,,,,PENDING_AT_END
135.45,135.45,,,,PENDING_AT_END
135.79999999999998,135.79999999999998,,,,PENDING_AT_END
136.14999999999998,136.14999999999998,,,,PENDING_AT_END
136.5,136.5,,,,PENDING_AT_END
136.85,136.85,,,,PENDING_AT_END
137.2,137.2,,,,PENDING_AT_END
137.54999999999998,137.54999999999998,,,,PENDING_AT_END
137.89999999999998,137.89999999999998,,,,PENDING_AT_END
138.25,138.25,,,,PENDING_AT_END
138.6,138.6,,,,PENDING_AT_END
138.95,138.95,,,,PENDING_AT_END
139.29999999999998,139.29999999999998,,,,PENDING_AT_END
139.64999999999998,139.64999999999998,,,,PENDING_AT_END
140.0,140.0,,,,PENDING_AT_END
140.35,140.35,,,,PENDING_AT_END
140.7,140.7,,,,PENDING_AT_END
141.04999999999998,141.04999999999998,,,,PENDING_AT_END
141.39999999999998,141.39999999999998,,,,PENDING_AT_END
141.75,141.75,,,,PENDING_AT_END
142.1,142.1,,,,PENDING_AT_END
142.45,142.45,,,,PENDING_AT_END
142.79999999999998,142.79999999999998,,,,PENDING_AT_END
143.14999999999998,143.14999999999998,,,,PENDING_AT_END
143.5,143.5,,,,PENDING_AT_END
143.85,143.85,,,,PENDING_AT_END
144.2,144.2,,,,PENDING_AT_END
144.54999999999998,144.54999999999998,,,,PENDING_AT_END
144.89999999999998,144.89999999999998,,,,PENDING_AT_END
145.25,145.25,,,,PENDING_AT_END
145.6,145.6,,,,PENDING_AT_END
145.95,145.95,,,,PENDING_AT_END
146.29999999999998,146.29999999999998,,,,PENDING_AT_END
146.64999999999998,146.64999999999998,,,,PENDING_AT_END
147.0,147.0,,,,PENDING_AT_END
147.35,147.35,,,,PENDING_AT_END
147.7,147.7,,,,PENDING_AT_END
148.04999999999998,148.04999999999998,,,,PENDING_AT_END
148.39999999999998,148.39999999999998,,,,PENDING_AT_END
148.75,148.75,,,,PENDING_AT_END
149.1,149.1,,,,PENDING_AT_END
149.45,149.45,,,,PENDING_AT_END
149.79999999999998,149.79999999999998,,,,PENDING_AT_END
150.14999999999998,150.14999999999998,,,,PENDING_AT_END
150.5,150.5,,,,PENDING_AT_END
150.85,150.85,,,,PENDING_AT_END
151.2,151.2,,,,PENDING_AT_END
151.54999999999998,151.54999999999998,,,,PENDING_AT_END
151.89999999999998,151.89999999999998,,,,PENDING_AT_END
152.25,152.25,,,,PENDING_AT_END
152.6,152.6,,,,PENDING_AT_END
152.95,152.95,,,,PENDING_AT_END
153.29999999999998,153.29999999999998,,,,PENDING_AT_END
153.64999999999998,153.64999999999998,,,,PENDING_AT_END
154.0,154.0,,,,PENDING_AT_END
154.35,154.35,,,,PENDING_AT_END
154.7,154.7,,,,PENDING_AT_END
155.04999999999998,155.04999999999998,,,,PENDING_AT_END
155.39999999999998,155.39999999999998,,,,PENDING_AT_END
155.75,155.75,,,,PENDING_AT_END
156.1,156.1,,,,PENDING_AT_END
156.45,156.45,,,,PENDING_AT_END
156.79999999999998,156.79999999999998,,,,PENDING_AT_END
157.14999999999998,157.14999999999998,,,,PENDING_AT_END
157.5,157.5,,,,PENDING_AT_END
157.85,157.85,,,,PENDING_AT_END
158.2,158.2,,,,PENDING_AT_END
158.54999999999998,158.54999999999998,,,,PENDING_AT_END
158.89999999999998,158.89999999999998,,,,PENDING_AT_END
159.25,159.25,,,,PENDING_AT_END
159.6,159.6,,,,PENDING_AT_END
159.95,159.95,,,,PENDING_AT_END
160.29999999999998,160.29999999999998,,,,PENDING_AT_END
160.64999999999998,160.64999999999998,,,,PENDING_AT_END
161.0,161.0,,,,PENDING_AT_END
161.35,161.35,,,,PENDING_AT_END
161.7,161.7,,,,PENDING_AT_END
162.04999999999998,162.04999999999998,,,,PENDING_AT_END
162.39999999999998,162.39999999999998,,,,PENDING_AT_END
162.75,162.75,,,,PENDING_AT_END
163.1,163.1,,,,PENDING_AT_END
163.45,163.45,,,,PENDING_AT_END
163.79999999999998,163.79999999999998,,,,PENDING_AT_END
164.14999999999998,164.14999999999998,,,,PENDING_AT_END
164.5,164.5,,,,PENDING_AT_END
164.85,164.85,,,,PENDING_AT_END
165.2,165.2,,,,PENDING_AT_END
165.54999999999998,165.54999999999998,,,,PENDING_AT_END
165.89999999999998,165.89999999999998,,,,PENDING_AT_END
166.25,166.25,,,,PENDING_AT_END
166.6,166.6,,,,PENDING_AT_END
166.95,166.95,,,,PENDING_AT_END
167.29999999999998,167.29999999999998,,,,PENDING_AT_END
167.64999999999998,167.64999999999998,,,,PENDING_AT_END
168.0,168.0,,,,PENDING_AT_END
168.35,168.35,,,,PENDING_AT_END
168.7,168.7,,,,PENDING_AT_END
169.04999999999998,169.04999999999998,,,,PENDING_AT_END
169.39999999999998,169.39999999999998,,,,PENDING_AT_END
169.75,169.75,,,,PENDING_AT_END
170.1,170.1,,,,PENDING_AT_END
170.45,170.45,,,,PENDING_AT_END
170.79999999999998,170.79999999999998,,,,PENDING_AT_END
171.14999999999998,171.14999999999998,,,,PENDING_AT_END
171.5,171.5,,,,PENDING_AT_END
171.85,171.85,,,,PENDING_AT_END
172.2,172.2,,,,PENDING_AT_END
172.54999999999998,172.54999999999998,,,,PENDING_AT_END
172.89999999999998,172.89999999999998,,,,PENDING_AT_END
173.25,173.25,,,,PENDING_AT_END
173.6,173.6,,,,PENDING_AT_END
173.95,173.95,,,,PENDING_AT_END
174.29999999999998,174.29999999999998,,,,PENDING_AT_END
174.64999999999998,174.64999999999998,,,,PENDING_AT_END
175.0,175.0,,,,PENDING_AT_END
175.35,175.35,,,,PENDING_AT_END
175.7,175.7,,,,PENDING_AT_END
176.04999999999998,176.04999999999998,,,,PENDING_AT_END
176.39999999999998,176.39999999999998,,,,PENDING_AT_END
176.75,176.75,,,,PENDING_AT_END
177.1,177.1,,,,PENDING_AT_END
177.45,177.45,,,,PENDING_AT_END
177.79999999999998,177.79999999999998,,,,PENDING_AT_END
178.14999999999998,178.14999999999998,,,,PENDING_AT_END
178.5,178.5,,,,PENDING_AT_END
178.85,178.85,,,,PENDING_AT_END
179.2,179.2,,,,PENDING_AT_END
179.54999999999998,179.54999999999998,,,,PENDING_AT_END
179.89999999999998,179.89999999999998,,,,PENDING_AT_END
180.25,180.25,,,,PENDING_AT_END
180.6,180.6,,,,PENDING_AT_END
180.95,180.95,,,,PENDING_AT_END
181.29999999999998,181.29999999999998,,,,PENDING_AT_END
181.64999999999998,181.64999999999998,,,,PENDING_AT_END
182.0,182.0,,,,PENDING_AT_END
182.35,182.35,,,,PENDING_AT_END
182.7,182.7,,,,PENDING_AT_END
183.04999999999998,183.04999999999998,,,,PENDING_AT_END
183.39999999999998,183.39999999999998,,,,PENDING_AT_END
183.75,183.75,,,,PENDING_AT_END
184.1,184.1,,,,PENDING_AT_END
184.45,184.45,,,,PENDING_AT_END
184.79999999999998,184.79999999999998,,,,PENDING_AT_END
185.14999999999998,185.14999999999998,,,,PENDING_AT_END
185.5,185.5,,,,PENDING_AT_END
185.85,185.85,,,,PENDING_AT_END
186.2,186.2,,,,PENDING_AT_END
186.54999999999998,186.54999999999998,,,,PENDING_AT_END
186.89999999999998,186.89999999999998,,,,PENDING_AT_END
187.25,187.25,,,,PENDING_AT_END
187.6,187.6,,,,PENDING_AT_END
187.95,187.95,,,,PENDING_AT_END
188.29999999999998,188.29999999999998,,,,PENDING_AT_END
188.64999999999998,188.64999999999998,,,,PENDING_AT_END
189.0,189.0,,,,PENDING_AT_END
189.35,189.35,,,,PENDING_AT_END
189.7,189.7,,,,PENDING_AT_END
190.04999999999998,190.04999999999998,,,,PENDING_AT_END
190.39999999999998,190.39999999999998,,,,PENDING_AT_END
190.75,190.75,,,,PENDING_AT_END
191.1,191.1,,,,PENDING_AT_END
191.45,191.45,,,,PENDING_AT_END
191.79999999999998,191.79999999999998,,,,PENDING_AT_END
192.14999999999998,192.14999999999998,,,,PENDING_AT_END
192.5,192.5,,,,PENDING_AT_END
192.85,192.85,,,,PENDING_AT_END
193.2,193.2,,,,PENDING_AT_END
193.54999999999998,193.54999999999998,,,,PENDING_AT_END
193.89999999999998,193.89999999999998,,,,PENDING_AT_END
194.25,194.25,,,,PENDING_AT_END
194.6,194.6,,,,PENDING_AT_END
194.95,194.95,,,,PENDING_AT_END
195.29999999999998,195.29999999999998,,,,PENDING_AT_END
195.64999999999998,195.64999999999998,,,,PENDING_AT_END
196.0,196.0,,,,PENDING_AT_END
196.35,196.35,,,,PENDING_AT_END
196.7,196.7,,,,PENDING_AT_END
197.04999999999998,197.04999999999998,,,,PENDING_AT_END
197.39999999999998,197.39999999999998,,,,PENDING_AT_END
197.75,197.75,,,,PENDING_AT_END
198.1,198.1,,,,PENDING_AT_END
198.45,198.45,,,,PENDING_AT_END
198.79999999999998,198.79999999999998,,,,PENDING_AT_END
199.14999999999998,199.14999999999998,,,,PENDING_AT_END
199.5,199.5,,,,PENDING_AT_END
199.85,199.85,,,,PENDING_AT_END
200.2,200.2,,,,PENDING_AT_END
200.54999999999998,200.54999999999998,,,,PENDING_AT_END
200.89999999999998,200.89999999999998,,,,PENDING_AT_END
201.25,201.25,,,,PENDING_AT_END
201.6,201.6,,,,PENDING_AT_END
201.95,201.95,,,,PENDING_AT_END
202.29999999999998,202.29999999999998,,,,PENDING_AT_END
202.64999999999998,202.64999999999998,,,,PENDING_AT_END
203.0,203.0,,,,PENDING_AT_END
203.35,203.35,,,,PENDING_AT_END
203.7,203.7,,,,PENDING_AT_END
204.04999999999998,204.04999999999998,,,,PENDING_AT_END
204.39999999999998,204.39999999999998,,,,PENDING_AT_END
204.75,204.75,,,,PENDING_AT_END
205.1,205.1,,,,PENDING_AT_END
205.45,205.45,,,,PENDING_AT_END
205.79999999999998,205.79999999999998,,,,PENDING_AT_END
206.14999999999998,206.14999999999998,,,,PENDING_AT_END
206.5,206.5,,,,PENDING_AT_END
206.85,206.85,,,,PENDING_AT_END
207.2,207.2,,,,PENDING_AT_END
207.54999999999998,207.54999999999998,,,,PENDING_AT_END
207.89999999999998,207.89999999999998,,,,PENDING_AT_END
208.25,208.25,,,,PENDING_AT_END
208.6,208.6,,,,PENDING_AT_END
208.95,208.95,,,,PENDING_AT_END
209.29999999999998,209.29999999999998,,,,PENDING_AT_END
209.64999999999998,209.64999999999998,,,,PENDING_AT_END
210.0,210.0,,,,PENDING_AT_END
210.35,210.35,,,,PENDING_AT_END
210.7,210.7,,,,PENDING_AT_END
211.04999999999998,211.04999999999998,,,,PENDING_AT_END
211.39999999999998,211.39999999999998,,,,PENDING_AT_END
211.75,211.75,,,,PENDING_AT_END
212.1,212.1,,,,PENDING_AT_END
212.45,212.45,,,,PENDING_AT_END
212.79999999999998,212.79999999999998,,,,PENDING_AT_END
213.14999999999998,213.14999999999998,,,,PENDING_AT_END
213.5,213.5,,,,PENDING_AT_END
213.85,213.85,,,,PENDING_AT_END
214.2,214.2,,,,PENDING_AT_END
214.54999999999998,214.54999999999998,,,,PENDING_AT_END
214.89999999999998,214.89999999999998,,,,PENDING_AT_END
215.25,215.25,,,,PENDING_AT_END
215.6,215.6,,,,PENDING_AT_END
215.95,215.95,,,,PENDING_AT_END
216.29999999999998,216.29999999999998,,,,PENDING_AT_END
216.64999999999998,216.64999999999998,,,,PENDING_AT_END
217.0,217.0,,,,PENDING_AT_END
217.35,217.35,,,,PENDING_AT_END
217.7,217.7,,,,PENDING_AT_END
218.04999999999998,218.04999999999998,,,,PENDING_AT_END
218.39999999999998,218.39999999999998,,,,PENDING_AT_END
218.75,218.75,,,,PENDING_AT_END
219.1,219.1,,,,PENDING_AT_END
219.45,219.45,,,,PENDING_AT_END
219.79999999999998,219.79999999999998,,,,PENDING_AT_END
220.14999999999998,220.14999999999998,,,,PENDING_AT_END
220.5,220.5,,,,PENDING_AT_END
220.85,220.85,,,,PENDING_AT_END
221.2,221.2,,,,PENDING_AT_END
221.54999999999998,221.54999999999998,,,,PENDING_AT_END
221.89999999999998,221.89999999999998,,,,PENDING_AT_END
222.25,222.25,,,,PENDING_AT_END
222.6,222.6,,,,PENDING_AT_END
222.95,222.95,,,,PENDING_AT_END
223.29999999999998,223.29999999999998,,,,PENDING_AT_END
223.64999999999998,223.64999999999998,,,,PENDING_AT_END
224.0,224.0,,,,PENDING_AT_END
224.35,224.35,,,,PENDING_AT_END
224.7,224.7,,,,PENDING_AT_END
225.04999999999998,225.04999999999998,,,,PENDING_AT_END
225.39999999999998,225.39999999999998,,,,PENDING_AT_END
225.74999999999997,225.74999999999997,,,,PENDING_AT_END
226.1,226.1,,,,PENDING_AT_END
226.45,226.45,,,,PENDING_AT_END
226.79999999999998,226.79999999999998,,,,PENDING_AT_END
227.14999999999998,227.14999999999998,,,,PENDING_AT_END
227.49999999999997,227.49999999999997,,,,PENDING_AT_END
227.85,227.85,,,,PENDING_AT_END
228.2,228.2,,,,PENDING_AT_END
228.54999999999998,228.54999999999998,,,,PENDING_AT_END
228.89999999999998,228.89999999999998,,,,PENDING_AT_END
229.24999999999997,229.24999999999997,,,,PENDING_AT_END
229.6,229.6,,,,PENDING_AT_END
229.95,229.95,,,,PENDING_AT_END
230.29999999999998,230.29999999999998,,,,PENDING_AT_END
230.64999999999998,230.64999999999998,,,,PENDING_AT_END
230.99999999999997,230.99999999999997,,,,PENDING_AT_END
231.35,231.35,,,,PENDING_AT_END
231.7,231.7,,,,PENDING_AT_END
232.04999999999998,232.04999999999998,,,,PENDING_AT_END
232.39999999999998,232.39999999999998,,,,PENDING_AT_END
232.74999999999997,232.74999999999997,,,,PENDING_AT_END
233.1,233.1,,,,PENDING_AT_END
233.45,233.45,,,,PENDING_AT_END
233.79999999999998,233.79999999999998,,,,PENDING_AT_END
234.14999999999998,234.14999999999998,,,,PENDING_AT_END
234.49999999999997,234.49999999999997,,,,PENDING_AT_END
234.85,234.85,,,,PENDING_AT_END
235.2,235.2,,,,PENDING_AT_END
235.54999999999998,235.54999999999998,,,,PENDING_AT_END
235.89999999999998,235.89999999999998,,,,PENDING_AT_END
236.24999999999997,236.24999999999997,,,,PENDING_AT_END
236.6,236.6,,,,PENDING_AT_END
236.95,236.95,,,,PENDING_AT_END
237.29999999999998,237.29999999999998,,,,PENDING_AT_END
237.64999999999998,237.64999999999998,,,,PENDING_AT_END
237.99999999999997,237.99999999999997,,,,PENDING_AT_END
238.35,238.35,,,,PENDING_AT_END
238.7,238.7,,,,PENDING_AT_END
239.04999999999998,239.04999999999998,,,,PENDING_AT_END
239.39999999999998,239.39999999999998,,,,PENDING_AT_END
239.74999999999997,239.74999999999997,,,,PENDING_AT_END
240.1,240.1,,,,PENDING_AT_END
240.45,240.45,,,,PENDING_AT_END
240.79999999999998,240.79999999999998,,,,PENDING_AT_END
241.14999999999998,241.14999999999998,,,,PENDING_AT_END
241.49999999999997,241.49999999999997,,,,PENDING_AT_END
241.85,241.85,,,,PENDING_AT_END
242.2,242.2,,,,PENDING_AT_END
242.54999999999998,242.54999999999998,,,,PENDING_AT_END
242.89999999999998,242.89999999999998,,,,PENDING_AT_END
243.24999999999997,243.24999999999997,,,,PENDING_AT_END
243.6,243.6,,,,PENDING_AT_END
243.95,243.95,,,,PENDING_AT_END
244.29999999999998,244.29999999999998,,,,PENDING_AT_END
244.64999999999998,244.64999999999998,,,,PENDING_AT_END
244.99999999999997,244.99999999999997,,,,PENDING_AT_END
245.35,245.35,,,,PENDING_AT_END
245.7,245.7,,,,PENDING_AT_END
246.04999999999998,246.04999999999998,,,,PENDING_AT_END
246.39999999999998,246.39999999999998,,,,PENDING_AT_END
246.74999999999997,246.74999999999997,,,,PENDING_AT_END
247.1,247.1,,,,PENDING_AT_END
247.45,247.45,,,,PENDING_AT_END
247.79999999999998,247.79999999999998,,,,PENDING_AT_END
248.14999999999998,248.14999999999998,,,,PENDING_AT_END
248.49999999999997,248.49999999999997,,,,PENDING_AT_END
248.85,248.85,,,,PENDING_AT_END
249.2,249.2,,,,PENDING_AT_END
249.54999999999998,249.54999999999998,,,,PENDING_AT_END
249.89999999999998,249.89999999999998,,,,PENDING_AT_END
250.24999999999997,250.24999999999997,,,,PENDING_AT_END
250.6,250.6,,,,PENDING_AT_END
250.95,250.95,,,,PENDING_AT_END
251.29999999999998,251.29999999999998,,,,PENDING_AT_END
251.64999999999998,251.64999999999998,,,,PENDING_AT_END
251.99999999999997,251.99999999999997,,,,PENDING_AT_END
252.35,252.35,,,,PENDING_AT_END
252.7,252.7,,,,PENDING_AT_END
253.04999999999998,253.04999999999998,,,,PENDING_AT_END
253.39999999999998,253.39999999999998,,,,PENDING_AT_END
253.74999999999997,253.74999999999997,,,,PENDING_AT_END
254.1,254.1,,,,PENDING_AT_END
254.45,254.45,,,,PENDING_AT_END
254.79999999999998,254.79999999999998,,,,PENDING_AT_END
255.14999999999998,255.14999999999998,,,,PENDING_AT_END
255.49999999999997,255.49999999999997,,,,PENDING_AT_END
255.85,255.85,,,,PENDING_AT_END
256.2,256.2,,,,PENDING_AT_END
256.55,256.55,,,,PENDING_AT_END
256.9,256.9,,,,PENDING_AT_END
257.25,257.25,,,,PENDING_AT_END
257.59999999999997,257.59999999999997,,,,PENDING_AT_END
257.95,257.95,,,,PENDING_AT_END
258.3,258.3,,,,PENDING_AT_END
258.65,258.65,,,,PENDING_AT_END
259.0,259.0,,,,PENDING_AT_END
259.34999999999997,259.34999999999997,,,,PENDING_AT_END
259.7,259.7,,,,PENDING_AT_END
260.05,260.05,,,,PENDING_AT_END
260.4,260.4,,,,PENDING_AT_END
260.75,260.75,,,,PENDING_AT_END
261.09999999999997,261.09999999999997,,,,PENDING_AT_END
261.45,261.45,,,,PENDING_AT_END
261.8,261.8,,,,PENDING_AT_END
262.15,262.15,,,,PENDING_AT_END
262.5,262.5,,,,PENDING_AT_END
262.84999999999997,262.84999999999997,,,,PENDING_AT_END
263.2,263.2,,,,PENDING_AT_END
263.55,263.55,,,,PENDING_AT_END
263.9,263.9,,,,PENDING_AT_END
264.25,264.25,,,,PENDING_AT_END
264.59999999999997,264.59999999999997,,,,PENDING_AT_END
264.95,264.95,,,,PENDING_AT_END
265.3,265.3,,,,PENDING_AT_END
265.65,265.65,,,,PENDING_AT_END
266.0,266.0,,,,PENDING_AT_END
266.34999999999997,266.34999999999997,,,,PENDING_AT_END
266.7,266.7,,,,PENDING_AT_END
267.05,267.05,,,,PENDING_AT_END
267.4,267.4,,,,PENDING_AT_END
267.75,267.75,,,,PENDING_AT_END
268.09999999999997,268.09999999999997,,,,PENDING_AT_END
268.45,268.45,,,,PENDING_AT_END
268.79999999999995,268.79999999999995,,,,PENDING_AT_END
269.15,269.15,,,,PENDING_AT_END
269.5,269.5,,,,PENDING_AT_END
269.84999999999997,269.84999999999997,,,,PENDING_AT_END
270.2,270.2,,,,PENDING_AT_END
270.54999999999995,270.54999999999995,,,,PENDING_AT_END
270.9,270.9,,,,PENDING_AT_END
271.25,271.25,,,,PENDING_AT_END
271.59999999999997,271.59999999999997,,,,PENDING_AT_END
271.95,271.95,,,,PENDING_AT_END
272.29999999999995,272.29999999999995,,,,PENDING_AT_END
272.65,272.65,,,,PENDING_AT_END
273.0,273.0,,,,PENDING_AT_END
273.34999999999997,273.34999999999997,,,,PENDING_AT_END
273.7,273.7,,,,PENDING_AT_END
274.04999999999995,274.04999999999995,,,,PENDING_AT_END
274.4,274.4,,,,PENDING_AT_END
274.75,274.75,,,,PENDING_AT_END
275.09999999999997,275.09999999999997,,,,PENDING_AT_END
275.45,275.45,,,,PENDING_AT_END
275.79999999999995,275.79999999999995,,,,PENDING_AT_END
276.15,276.15,,,,PENDING_AT_END
276.5,276.5,,,,PENDING_AT_END
276.84999999999997,276.84999999999997,,,,PENDING_AT_END
277.2,277.2,,,,PENDING_AT_END
277.54999999999995,277.54999999999995,,,,PENDING_AT_END
277.9,277.9,,,,PENDING_AT_END
278.25,278.25,,,,PENDING_AT_END
278.59999999999997,278.59999999999997,,,,PENDING_AT_END
278.95,278.95,,,,PENDING_AT_END
279.29999999999995,279.29999999999995,,,,PENDING_AT_END
279.65,279.65,,,,PENDING_AT_END
280.0,280.0,,,,PENDING_AT_END
280.34999999999997,280.34999999999997,,,,PENDING_AT_END
280.7,280.7,,,,PENDING_AT_END
281.04999999999995,281.04999999999995,,,,PENDING_AT_END
281.4,281.4,,,,PENDING_AT_END
281.75,281.75,,,,PENDING_AT_END
282.09999999999997,282.09999999999997,,,,PENDING_AT_END
282.45,282.45,,,,PENDING_AT_END
282.79999999999995,282.79999999999995,,,,PENDING_AT_END
283.15,283.15,,,,PENDING_AT_END
283.5,283.5,,,,PENDING_AT_END
283.84999999999997,283.84999999999997,,,,PENDING_AT_END
284.2,284.2,,,,PENDING_AT_END
284.54999999999995,284.54999999999995,,,,PENDING_AT_END
284.9,284.9,,,,PENDING_AT_END
285.25,285.25,,,,PENDING_AT_END
285.59999999999997,285.59999999999997,,,,PENDING_AT_END
285.95,285.95,,,,PENDING_AT_END
286.29999999999995,286.29999999999995,,,,PENDING_AT_END
286.65,286.65,,,,PENDING_AT_END
287.0,287.0,,,,PENDING_AT_END
287.34999999999997,287.34999999999997,,,,PENDING_AT_END
287.7,287.7,,,,PENDING_AT_END
288.04999999999995,288.04999999999995,,,,PENDING_AT_END
288.4,288.4,,,,PENDING_AT_END
288.75,288.75,,,,PENDING_AT_END
289.09999999999997,289.09999999999997,,,,PENDING_AT_END
289.45,289.45,,,,PENDING_AT_END
289.79999999999995,289.79999999999995,,,,PENDING_AT_END
290.15,290.15,,,,PENDING_AT_END
290.5,290.5,,,,PENDING_AT_END
290.84999999999997,290.84999999999997,,,,PENDING_AT_END
291.2,291.2,,,,PENDING_AT_END
291.54999999999995,291.54999999999995,,,,PENDING_AT_END
291.9,291.9,,,,PENDING_AT_END
292.25,292.25,,,,PENDING_AT_END
292.59999999999997,292.59999999999997,,,,PENDING_AT_END
292.95,292.95,,,,PENDING_AT_END
293.29999999999995,293.29999999999995,,,,PENDING_AT_END
293.65,293.65,,,,PENDING_AT_END
294.0,294.0,,,,PENDING_AT_END
294.34999999999997,294.34999999999997,,,,PENDING_AT_END
294.7,294.7,,,,PENDING_AT_END
295.04999999999995,295.04999999999995,,,,PENDING_AT_END
295.4,295.4,,,,PENDING_AT_END
295.75,295.75,,,,PENDING_AT_END
296.09999999999997,296.09999999999997,,,,PENDING_AT_END
296.45,296.45,,,,PENDING_AT_END
296.79999999999995,296.79999999999995,,,,PENDING_AT_END
297.15,297.15,,,,PENDING_AT_END
297.5,297.5,,,,PENDING_AT_END
297.84999999999997,297.84999999999997,,,,PENDING_AT_END
298.2,298.2,,,,PENDING_AT_END
298.54999999999995,298.54999999999995,,,,PENDING_AT_END
298.9,298.9,,,,PENDING_AT_END
299.25,299.25,,,,PENDING_AT_END
299.59999999999997,299.59999999999997,,,,PENDING_AT_END
299.95,299.95,,,,PENDING_AT_END
300.29999999999995,300.29999999999995,,,,PENDING_AT_END
300.65,300.65,,,,PENDING_AT_END
301.0,301.0,,,,PENDING_AT_END
301.34999999999997,301.34999999999997,,,,PENDING_AT_END
301.7,301.7,,,,PENDING_AT_END
302.04999999999995,302.04999999999995,,,,PENDING_AT_END
302.4,302.4,,,,PENDING_AT_END
302.75,302.75,,,,PENDING_AT_END
303.09999999999997,303.09999999999997,,,,PENDING_AT_END
303.45,303.45,,,,PENDING_AT_END
303.79999999999995,303.79999999999995,,,,PENDING_AT_END
304.15,304.15,,,,PENDING_AT_END
304.5,304.5,,,,PENDING_AT_END
304.84999999999997,304.84999999999997,,,,PENDING_AT_END
305.2,305.2,,,,PENDING_AT_END
305.54999999999995,305.54999999999995,,,,PENDING_AT_END
305.9,305.9,,,,PENDING_AT_END
306.25,306.25,,,,PENDING_AT_END
306.59999999999997,306.59999999999997,,,,PENDING_AT_END
306.95,306.95,,,,PENDING_AT_END
307.29999999999995,307.29999999999995,,,,PENDING_AT_END
307.65,307.65,,,,PENDING_AT_END
308.0,308.0,,,,PENDING_AT_END
308.34999999999997,308.34999999999997,,,,PENDING_AT_END
308.7,308.7,,,,PENDING_AT_END
309.04999999999995,309.04999999999995,,,,PENDING_AT_END
309.4,309.4,,,,PENDING_AT_END
309.75,309.75,,,,PENDING_AT_END
310.09999999999997,310.09999999999997,,,,PENDING_AT_END
310.45,310.45,,,,PENDING_AT_END
310.79999999999995,310.79999999999995,,,,PENDING_AT_END
311.15,311.15,,,,PENDING_AT_END
311.5,311.5,,,,PENDING_AT_END
311.84999999999997,311.84999999999997,,,,PENDING_AT_END
312.2,312.2,,,,PENDING_AT_END
312.54999999999995,312.54999999999995,,,,PENDING_AT_END
312.9,312.9,,,,PENDING_AT_END
313.25,313.25,,,,PENDING_AT_END
313.59999999999997,313.59999999999997,,,,PENDING_AT_END
313.95,313.95,,,,PENDING_AT_END
314.29999999999995,314.29999999999995,,,,PENDING_AT_END
314.65,314.65,,,,PENDING_AT_END
315.0,315.0,,,,PENDING_AT_END
315.34999999999997,315.34999999999997,,,,PENDING_AT_END
315.7,315.7,,,,PENDING_AT_END
316.04999999999995,316.04999999999995,,,,PENDING_AT_END
316.4,316.4,,,,PENDING_AT_END
316.75,316.75,,,,PENDING_AT_END
317.09999999999997,317.09999999999997,,,,PENDING_AT_END
317.45,317.45,,,,PENDING_AT_END
317.79999999999995,317.79999999999995,,,,PENDING_AT_END
318.15,318.15,,,,PENDING_AT_END
318.5,318.5,,,,PENDING_AT_END
318.84999999999997,318.84999999999997,,,,PENDING_AT_END
319.2,319.2,,,,PENDING_AT_END
319.54999999999995,319.54999999999995,,,,PENDING_AT_END
319.9,319.9,,,,PENDING_AT_END
320.25,320.25,,,,PENDING_AT_END
320.59999999999997,320.59999999999997,,,,PENDING_AT_END
320.95,320.95,,,,PENDING_AT_END
321.29999999999995,321.29999999999995,,,,PENDING_AT_END
321.65,321.65,,,,PENDING_AT_END
322.0,322.0,,,,PENDING_AT_END
322.34999999999997,322.34999999999997,,,,PENDING_AT_END
322.7,322.7,,,,PENDING_AT_END
323.04999999999995,323.04999999999995,,,,PENDING_AT_END
323.4,323.4,,,,PENDING_AT_END
323.75,323.75,,,,PENDING_AT_END
324.09999999999997,324.09999999999997,,,,PENDING_AT_END
324.45,324.45,,,,PENDING_AT_END
324.79999999999995,324.79999999999995,,,,PENDING_AT_END
325.15,325.15,,,,PENDING_AT_END
325.5,325.5,,,,PENDING_AT_END
325.84999999999997,325.84999999999997,,,,PENDING_AT_END
326.2,326.2,,,,PENDING_AT_END
326.54999999999995,326.54999999999995,,,,PENDING_AT_END
326.9,326.9,,,,PENDING_AT_END
327.25,327.25,,,,PENDING_AT_END
327.59999999999997,327.59999999999997,,,,PENDING_AT_END
327.95,327.95,,,,PENDING_AT_END
328.29999999999995,328.29999999999995,,,,PENDING_AT_END
328.65,328.65,,,,PENDING_AT_END
329.0,329.0,,,,PENDING_AT_END
329.34999999999997,329.34999999999997,,,,PENDING_AT_END
329.7,329.7,,,,PENDING_AT_END
330.04999999999995,330.04999999999995,,,,PENDING_AT_END
330.4,330.4,,,,PENDING_AT_END
330.75,330.75,,,,PENDING_AT_END
331.09999999999997,331.09999999999997,,,,PENDING_AT_END
331.45,331.45,,,,PENDING_AT_END
331.79999999999995,331.79999999999995,,,,PENDING_AT_END
332.15,332.15,,,,PENDING_AT_END
332.5,332.5,,,,PENDING_AT_END
332.84999999999997,332.84999999999997,,,,PENDING_AT_END
333.2,333.2,,,,PENDING_AT_END
333.54999999999995,333.54999999999995,,,,PENDING_AT_END
333.9,333.9,,,,PENDING_AT_END
334.25,334.25,,,,PENDING_AT_END
334.59999999999997,334.59999999999997,,,,PENDING_AT_END
334.95,334.95,,,,PENDING_AT_END
335.29999999999995,335.29999999999995,,,,PENDING_AT_END
335.65,335.65,,,,PENDING_AT_END
336.0,336.0,,,,PENDING_AT_END
336.34999999999997,336.34999999999997,,,,PENDING_AT_END
336.7,336.7,,,,PENDING_AT_END
337.04999999999995,337.04999999999995,,,,PENDING_AT_END
337.4,337.4,,,,PENDING_AT_END
337.75,337.75,,,,PENDING_AT_END
338.09999999999997,338.09999999999997,,,,PENDING_AT_END
338.45,338.45,,,,PENDING_AT_END
338.79999999999995,338.79999999999995,,,,PENDING_AT_END
339.15,339.15,,,,PENDING_AT_END
339.5,339.5,,,,PENDING_AT_END
339.84999999999997,339.84999999999997,,,,PENDING_AT_END
340.2,340.2,,,,PENDING_AT_END
340.54999999999995,340.54999999999995,,,,PENDING_AT_END
340.9,340.9,,,,PENDING_AT_END
341.25,341.25,,,,PENDING_AT_END
341.59999999999997,341.59999999999997,,,,PENDING_AT_END
341.95,341.95,,,,PENDING_AT_END
342.29999999999995,342.29999999999995,,,,PENDING_AT_END
342.65,342.65,,,,PENDING_AT_END
343.0,343.0,,,,PENDING_AT_END
343.34999999999997,343.34999999999997,,,,PENDING_AT_END
343.7,343.7,,,,PENDING_AT_END
344.04999999999995,344.04999999999995,,,,PENDING_AT_END
344.4,344.4,,,,PENDING_AT_END
344.75,344.75,,,,PENDING_AT_END
345.09999999999997,345.09999999999997,,,,PENDING_AT_END
345.45,345.45,,,,PENDING_AT_END
345.79999999999995,345.79999999999995,,,,PENDING_AT_END
346.15,346.15,,,,PENDING_AT_END
346.5,346.5,,,,PENDING_AT_END
346.84999999999997,346.84999999999997,,,,PENDING_AT_END
347.2,347.2,,,,PENDING_AT_END
347.54999999999995,347.54999999999995,,,,PENDING_AT_END
347.9,347.9,,,,PENDING_AT_END
348.25,348.25,,,,PENDING_AT_END
348.59999999999997,348.59999999999997,,,,PENDING_AT_END
348.95,348.95,,,,PENDING_AT_END
349.29999999999995,349.29999999999995,,,,PENDING_AT_END
349.65,349.65,,,,PENDING_AT_END
350.0,350.0,,,,PENDING_AT_END
350.34999999999997,350.34999999999997,,,,PENDING_AT_END
350.7,350.7,,,,PENDING_AT_END
351.04999999999995,351.04999999999995,,,,PENDING_AT_END
351.4,351.4,,,,PENDING_AT_END
351.75,351.75,,,,PENDING_AT_END
352.09999999999997,352.09999999999997,,,,PENDING_AT_END
352.45,352.45,,,,PENDING_AT_END
352.79999999999995,352.79999999999995,,,,PENDING_AT_END
353.15,353.15,,,,PENDING_AT_END
353.5,353.5,,,,PENDING_AT_END
353.84999999999997,353.84999999999997,,,,PENDING_AT_END
354.2,354.2,,,,PENDING_AT_END
354.54999999999995,354.54999999999995,,,,PENDING_AT_END
354.9,354.9,,,,PENDING_AT_END
355.25,355.25,,,,PENDING_AT_END
355.59999999999997,355.59999999999997,,,,PENDING_AT_END
355.95,355.95,,,,PENDING_AT_END
356.29999999999995,356.29999999999995,,,,PENDING_AT_END
356.65,356.65,,,,PENDING_AT_END
357.0,357.0,,,,PENDING_AT_END
357.34999999999997,357.34999999999997,,,,PENDING_AT_END
357.7,357.7,,,,PENDING_AT_END
358.04999999999995,358.04999999999995,,,,PENDING_AT_END
358.4,358.4,,,,PENDING_AT_END
358.75,358.75,,,,PENDING_AT_END
359.09999999999997,359.09999999999997,,,,PENDING_AT_END
359.45,359.45,,,,PENDING_AT_END
359.79999999999995,359.79999999999995,,,,PENDING_AT_END
360.15,360.15,,,,PENDING_AT_END
360.5,360.5,,,,PENDING_AT_END
360.84999999999997,360.84999999999997,,,,PENDING_AT_END
361.2,361.2,,,,PENDING_AT_END
361.54999999999995,361.54999999999995,,,,PENDING_AT_END
361.9,361.9,,,,PENDING_AT_END
362.25,362.25,,,,PENDING_AT_END
362.59999999999997,362.59999999999997,,,,PENDING_AT_END
362.95,362.95,,,,PENDING_AT_END
363.29999999999995,363.29999999999995,,,,PENDING_AT_END
363.65,363.65,,,,PENDING_AT_END
364.0,364.0,,,,PENDING_AT_END
364.34999999999997,364.34999999999997,,,,PENDING_AT_END
364.7,364.7,,,,PENDING_AT_END
365.04999999999995,365.04999999999995,,,,PENDING_AT_END
365.4,365.4,,,,PENDING_AT_END
365.75,365.75,,,,PENDING_AT_END
366.09999999999997,366.09999999999997,,,,PENDING_AT_END
366.45,366.45,,,,PENDING_AT_END
366.79999999999995,366.79999999999995,,,,PENDING_AT_END
367.15,367.15,,,,PENDING_AT_END
367.5,367.5,,,,PENDING_AT_END
367.84999999999997,367.84999999999997,,,,PENDING_AT_END
368.2,368.2,,,,PENDING_AT_END
368.54999999999995,368.54999999999995,,,,PENDING_AT_END
368.9,368.9,,,,PENDING_AT_END
369.25,369.25,,,,PENDING_AT_END
369.59999999999997,369.59999999999997,,,,PENDING_AT_END
369.95,369.95,,,,PENDING_AT_END
370.29999999999995,370.29999999999995,,,,PENDING_AT_END
370.65,370.65,,,,PENDING_AT_END
371.0,371.0,,,,PENDING_AT_END
371.34999999999997,371.34999999999997,,,,PENDING_AT_END
371.7,371.7,,,,PENDING_AT_END
372.04999999999995,372.04999999999995,,,,PENDING_AT_END
372.4,372.4,,,,PENDING_AT_END
372.75,372.75,,,,PENDING_AT_END
373.09999999999997,373.09999999999997,,,,PENDING_AT_END
373.45,373.45,,,,PENDING_AT_END
373.79999999999995,373.79999999999995,,,,PENDING_AT_END
374.15,374.15,,,,PENDING_AT_END
374.5,374.5,,,,PENDING_AT_END
374.84999999999997,374.84999999999997,,,,PENDING_AT_END
375.2,375.2,,,,PENDING_AT_END
375.54999999999995,375.54999999999995,,,,PENDING_AT_END
375.9,375.9,,,,PENDING_AT_END
376.25,376.25,,,,PENDING_AT_END
376.59999999999997,376.59999999999997,,,,PENDING_AT_END
376.95,376.95,,,,PENDING_AT_END
377.29999999999995,377.29999999999995,,,,PENDING_AT_END
377.65,377.65,,,,PENDING_AT_END
378.0,378.0,,,,PENDING_AT_END
378.34999999999997,378.34999999999997,,,,PENDING_AT_END
378.7,378.7,,,,PENDING_AT_END
379.04999999999995,379.04999999999995,,,,PENDING_AT_END
379.4,379.4,,,,PENDING_AT_END
379.75,379.75,,,,PENDING_AT_END
380.09999999999997,380.09999999999997,,,,PENDING_AT_END
380.45,380.45,,,,PENDING_AT_END
380.79999999999995,380.79999999999995,,,,PENDING_AT_END
381.15,381.15,,,,PENDING_AT_END
381.5,381.5,,,,PENDING_AT_END
381.84999999999997,381.84999999999997,,,,PENDING_AT_END
382.2,382.2,,,,PENDING_AT_END
382.54999999999995,382.54999999999995,,,,PENDING_AT_END
382.9,382.9,,,,PENDING_AT_END
383.25,383.25,,,,PENDING_AT_END
383.59999999999997,383.59999999999997,,,,PENDING_AT_END
383.95,383.95,,,,PENDING_AT_END
384.29999999999995,384.29999999999995,,,,PENDING_AT_END
384.65,384.65,,,,PENDING_AT_END
385.0,385.0,,,,PENDING_AT_END
385.34999999999997,385.34999999999997,,,,PENDING_AT_END
385.7,385.7,,,,PENDING_AT_END
386.04999999999995,386.04999999999995,,,,PENDING_AT_END
386.4,386.4,,,,PENDING_AT_END
386.75,386.75,,,,PENDING_AT_END
387.09999999999997,387.09999999999997,,,,PENDING_AT_END
387.45,387.45,,,,PENDING_AT_END
387.79999999999995,387.79999999999995,,,,PENDING_AT_END
388.15,388.15,,,,PENDING_AT_END
388.5,388.5,,,,PENDING_AT_END
388.84999999999997,388.84999999999997,,,,PENDING_AT_END
389.2,389.2,,,,PENDING_AT_END
389.54999999999995,389.54999999999995,,,,PENDING_AT_END
389.9,389.9,,,,PENDING_AT_END
390.25,390.25,,,,PENDING_AT_END
390.59999999999997,390.59999999999997,,,,PENDING_AT_END
390.95,390.95,,,,PENDING_AT_END
391.29999999999995,391.29999999999995,,,,PENDING_AT_END
391.65,391.65,,,,PENDING_AT_END
392.0,392.0,,,,PENDING_AT_END
392.34999999999997,392.34999999999997,,,,PENDING_AT_END
392.7,392.7,,,,PENDING_AT_END
393.04999999999995,393.04999999999995,,,,PENDING_AT_END
393.4,393.4,,,,PENDING_AT_END
393.75,393.75,,,,PENDING_AT_END
394.09999999999997,394.09999999999997,,,,PENDING_AT_END
394.45,394.45,,,,PENDING_AT_END
394.79999999999995,394.79999999999995,,,,PENDING_AT_END
395.15,395.15,,,,PENDING_AT_END
395.5,395.5,,,,PENDING_AT_END
395.84999999999997,395.84999999999997,,,,PENDING_AT_END
396.2,396.2,,,,PENDING_AT_END
396.54999999999995,396.54999999999995,,,,PENDING_AT_END
396.9,396.9,,,,PENDING_AT_END
397.25,397.25,,,,PENDING_AT_END
397.59999999999997,397.59999999999997,,,,PENDING_AT_END
397.95,397.95,,,,PENDING_AT_END
398.29999999999995,398.29999999999995,,,,PENDING_AT_END
398.65,398.65,,,,PENDING_AT_END
399.0,399.0,,,,PENDING_AT_END
399.34999999999997,399.34999999999997,,,,PENDING_AT_END
399.7,399.7,,,,PENDING_AT_END
400.04999999999995,400.04999999999995,,,,PENDING_AT_END
400.4,400.4,,,,PENDING_AT_END
400.75,400.75,,,,PENDING_AT_END
401.09999999999997,401.09999999999997,,,,PENDING_AT_END
401.45,401.45,,,,PENDING_AT_END
401.79999999999995,401.79999999999995,,,,PENDING_AT_END
402.15,402.15,,,,PENDING_AT_END
402.5,402.5,,,,PENDING_AT_END
402.84999999999997,402.84999999999997,,,,PENDING_AT_END
403.2,403.2,,,,PENDING_AT_END
403.54999999999995,403.54999999999995,,,,PENDING_AT_END
403.9,403.9,,,,PENDING_AT_END
404.25,404.25,,,,PENDING_AT_END
404.59999999999997,404.59999999999997,,,,PENDING_AT_END
404.95,404.95,,,,PENDING_AT_END
405.29999999999995,405.29999999999995,,,,PENDING_AT_END
405.65,405.65,,,,PENDING_AT_END
406.0,406.0,,,,PENDING_AT_END
406.34999999999997,406.34999999999997,,,,PENDING_AT_END
406.7,406.7,,,,PENDING_AT_END
407.04999999999995,407.04999999999995,,,,PENDING_AT_END
407.4,407.4,,,,PENDING_AT_END
407.75,407.75,,,,PENDING_AT_END
408.09999999999997,408.09999999999997,,,,PENDING_AT_END
408.45,408.45,,,,PENDING_AT_END
408.79999999999995,408.79999999999995,,,,PENDING_AT_END
409.15,409.15,,,,PENDING_AT_END
409.5,409.5,,,,PENDING_AT_END
409.84999999999997,409.84999999999997,,,,PENDING_AT_END
410.2,410.2,,,,PENDING_AT_END
410.54999999999995,410.54999999999995,,,,PENDING_AT_END
410.9,410.9,,,,PENDING_AT_END
411.25,411.25,,,,PENDING_AT_END
411.59999999999997,411.59999999999997,,,,PENDING_AT_END
411.95,411.95,,,,PENDING_AT_END
412.29999999999995,412.29999999999995,,,,PENDING_AT_END
412.65,412.65,,,,PENDING_AT_END
413.0,413.0,,,,PENDING_AT_END
413.34999999999997,413.34999999999997,,,,PENDING_AT_END
413.7,413.7,,,,PENDING_AT_END
414.04999999999995,414.04999999999995,,,,PENDING_AT_END
414.4,414.4,,,,PENDING_AT_END
414.75,414.75,,,,PENDING_AT_END
415.09999999999997,415.09999999999997,,,,PENDING_AT_END
415.45,415.45,,,,PENDING_AT_END
415.79999999999995,415.79999999999995,,,,PENDING_AT_END
416.15,416.15,,,,PENDING_AT_END
416.5,416.5,,,,PENDING_AT_END
416.84999999999997,416.84999999999997,,,,PENDING_AT_END
417.2,417.2,,,,PENDING_AT_END
417.54999999999995,417.54999999999995,,,,PENDING_AT_END
417.9,417.9,,,,PENDING_AT_END
418.25,418.25,,,,PENDING_AT_END
418.59999999999997,418.59999999999997,,,,PENDING_AT_END
418.95,418.95,,,,PENDING_AT_END
419.29999999999995,419.29999999999995,,,,PENDING_AT_END
419.65,419.65,,,,PENDING_AT_END
420.0,420.0,,,,PENDING_AT_END
420.34999999999997,420.34999999999997,,,,PENDING_AT_END
420.7,420.7,,,,PENDING_AT_END
421.04999999999995,421.04999999999995,,,,PENDING_AT_END
421.4,421.4,,,,PENDING_AT_END
421.75,421.75,,,,PENDING_AT_END
422.09999999999997,422.09999999999997,,,,PENDING_AT_END
422.45,422.45,,,,PENDING_AT_END
422.79999999999995,422.79999999999995,,,,PENDING_AT_END
423.15,423.15,,,,PENDING_AT_END
423.5,423.5,,,,PENDING_AT_END
423.84999999999997,423.84999999999997,,,,PENDING_AT_END
424.2,424.2,,,,PENDING_AT_END
424.54999999999995,424.54999999999995,,,,PENDING_AT_END
424.9,424.9,,,,PENDING_AT_END
425.25,425.25,,,,PENDING_AT_END
425.59999999999997,425.59999999999997,,,,PENDING_AT_END
425.95,425.95,,,,PENDING_AT_END
426.29999999999995,426.29999999999995,,,,PENDING_AT_END
426.65,426.65,,,,PENDING_AT_END
427.0,427.0,,,,PENDING_AT_END
427.34999999999997,427.34999999999997,,,,PENDING_AT_END
427.7,427.7,,,,PENDING_AT_END
428.04999999999995,428.04999999999995,,,,PENDING_AT_END
428.4,428.4,,,,PENDING_AT_END
428.75,428.75,,,,PENDING_AT_END
429.09999999999997,429.09999999999997,,,,PENDING_AT_END
429.45,429.45,,,,PENDING_AT_END
429.79999999999995,429.79999999999995,,,,PENDING_AT_END
430.15,430.15,,,,PENDING_AT_END
430.5,430.5,,,,PENDING_AT_END
430.84999999999997,430.84999999999997,,,,PENDING_AT_END
431.2,431.2,,,,PENDING_AT_END
431.54999999999995,431.54999999999995,,,,PENDING_AT_END
431.9,431.9,,,,PENDING_AT_END
432.25,432.25,,,,PENDING_AT_END
432.59999999999997,432.59999999999997,,,,PENDING_AT_END
432.95,432.95,,,,PENDING_AT_END
433.29999999999995,433.29999999999995,,,,PENDING_AT_END
433.65,433.65,,,,PENDING_AT_END
434.0,434.0,,,,PENDING_AT_END
434.34999999999997,434.34999999999997,,,,PENDING_AT_END
434.7,434.7,,,,PENDING_AT_END
435.04999999999995,435.04999999999995,,,,PENDING_AT_END
435.4,435.4,,,,PENDING_AT_END
435.75,435.75,,,,PENDING_AT_END
436.09999999999997,436.09999999999997,,,,PENDING_AT_END
436.45,436.45,,,,PENDING_AT_END
436.79999999999995,436.79999999999995,,,,PENDING_AT_END
437.15,437.15,,,,PENDING_AT_END
437.5,437.5,,,,PENDING_AT_END
437.84999999999997,437.84999999999997,,,,PENDING_AT_END
438.2,438.2,,,,PENDING_AT_END
438.54999999999995,438.54999999999995,,,,PENDING_AT_END
438.9,438.9,,,,PENDING_AT_END
439.25,439.25,,,,PENDING_AT_END
439.59999999999997,439.59999999999997,,,,PENDING_AT_END
439.95,439.95,,,,PENDING_AT_END
440.29999999999995,440.29999999999995,,,,PENDING_AT_END
440.65,440.65,,,,PENDING_AT_END
441.0,441.0,,,,PENDING_AT_END
441.34999999999997,441.34999999999997,,,,PENDING_AT_END
441.7,441.7,,,,PENDING_AT_END
442.04999999999995,442.04999999999995,,,,PENDING_AT_END
442.4,442.4,,,,PENDING_AT_END
442.75,442.75,,,,PENDING_AT_END
443.09999999999997,443.09999999999997,,,,PENDING_AT_END
443.45,443.45,,,,PENDING_AT_END
443.79999999999995,443.79999999999995,,,,PENDING_AT_END
444.15,444.15,,,,PENDING_AT_END
444.5,444.5,,,,PENDING_AT_END
444.84999999999997,444.84999999999997,,,,PENDING_AT_END
445.2,445.2,,,,PENDING_AT_END
445.54999999999995,445.54999999999995,,,,PENDING_AT_END
445.9,445.9,,,,PENDING_AT_END
446.25,446.25,,,,PENDING_AT_END
446.59999999999997,446.59999999999997,,,,PENDING_AT_END
446.95,446.95,,,,PENDING_AT_END
447.29999999999995,447.29999999999995,,,,PENDING_AT_END
447.65,447.65,,,,PENDING_AT_END
448.0,448.0,,,,PENDING_AT_END
448.34999999999997,448.34999999999997,,,,PENDING_AT_END
448.7,448.7,,,,PENDING_AT_END
449.04999999999995,449.04999999999995,,,,PENDING_AT_END
449.4,449.4,,,,PENDING_AT_END
449.74999999999994,449.74999999999994,,,,PENDING_AT_END
450.09999999999997,450.09999999999997,,,,PENDING_AT_END
450.45,450.45,,,,PENDING_AT_END
450.79999999999995,450.79999999999995,,,,PENDING_AT_END
451.15,451.15,,,,PENDING_AT_END
451.49999999999994,451.49999999999994,,,,PENDING_AT_END
451.84999999999997,451.84999999999997,,,,PENDING_AT_END
452.2,452.2,,,,PENDING_AT_END
452.54999999999995,452.54999999999995,,,,PENDING_AT_END
452.9,452.9,,,,PENDING_AT_END
453.24999999999994,453.24999999999994,,,,PENDING_AT_END
453.59999999999997,453.59999999999997,,,,PENDING_AT_END
453.95,453.95,,,,PENDING_AT_END
454.29999999999995,454.29999999999995,,,,PENDING_AT_END
454.65,454.65,,,,PENDING_AT_END
454.99999999999994,454.99999999999994,,,,PENDING_AT_END
455.34999999999997,455.34999999999997,,,,PENDING_AT_END
455.7,455.7,,,,PENDING_AT_END
456.04999999999995,456.04999999999995,,,,PENDING_AT_END
456.4,456.4,,,,PENDING_AT_END
456.74999999999994,456.74999999999994,,,,PENDING_AT_END
457.09999999999997,457.09999999999997,,,,PENDING_AT_END
457.45,457.45,,,,PENDING_AT_END
457.79999999999995,457.79999999999995,,,,PENDING_AT_END
458.15,458.15,,,,PENDING_AT_END
458.49999999999994,458.49999999999994,,,,PENDING_AT_END
458.84999999999997,458.84999999999997,,,,PENDING_AT_END
459.2,459.2,,,,PENDING_AT_END
459.54999999999995,459.54999999999995,,,,PENDING_AT_END
459.9,459.9,,,,PENDING_AT_END
460.24999999999994,460.24999999999994,,,,PENDING_AT_END
460.59999999999997,460.59999999999997,,,,PENDING_AT_END
460.95,460.95,,,,PENDING_AT_END
461.29999999999995,461.29999999999995,,,,PENDING_AT_END
461.65,461.65,,,,PENDING_AT_END
461.99999999999994,461.99999999999994,,,,PENDING_AT_END
462.34999999999997,462.34999999999997,,,,PENDING_AT_END
462.7,462.7,,,,PENDING_AT_END
463.04999999999995,463.04999999999995,,,,PENDING_AT_END
463.4,463.4,,,,PENDING_AT_END
463.74999999999994,463.74999999999994,,,,PENDING_AT_END
464.09999999999997,464.09999999999997,,,,PENDING_AT_END
464.45,464.45,,,,PENDING_AT_END
464.79999999999995,464.79999999999995,,,,PENDING_AT_END
465.15,465.15,,,,PENDING_AT_END
465.49999999999994,465.49999999999994,,,,PENDING_AT_END
465.84999999999997,465.84999999999997,,,,PENDING_AT_END
466.2,466.2,,,,PENDING_AT_END
466.54999999999995,466.54999999999995,,,,PENDING_AT_END
466.9,466.9,,,,PENDING_AT_END
467.24999999999994,467.24999999999994,,,,PENDING_AT_END
467.59999999999997,467.59999999999997,,,,PENDING_AT_END
467.95,467.95,,,,PENDING_AT_END
468.29999999999995,468.29999999999995,,,,PENDING_AT_END
468.65,468.65,,,,PENDING_AT_END
468.99999999999994,468.99999999999994,,,,PENDING_AT_END
469.34999999999997,469.34999999999997,,,,PENDING_AT_END
469.7,469.7,,,,PENDING_AT_END
470.04999999999995,470.04999999999995,,,,PENDING_AT_END
470.4,470.4,,,,PENDING_AT_END
470.74999999999994,470.74999999999994,,,,PENDING_AT_END
471.09999999999997,471.09999999999997,,,,PENDING_AT_END
471.45,471.45,,,,PENDING_AT_END
471.79999999999995,471.79999999999995,,,,PENDING_AT_END
472.15,472.15,,,,PENDING_AT_END
472.49999999999994,472.49999999999994,,,,PENDING_AT_END
472.84999999999997,472.84999999999997,,,,PENDING_AT_END
473.2,473.2,,,,PENDING_AT_END
473.54999999999995,473.54999999999995,,,,PENDING_AT_END
473.9,473.9,,,,PENDING_AT_END
474.24999999999994,474.24999999999994,,,,PENDING_AT_END
474.59999999999997,474.59999999999997,,,,PENDING_AT_END
474.95,474.95,,,,PENDING_AT_END
475.29999999999995,475.29999999999995,,,,PENDING_AT_END
475.65,475.65,,,,PENDING_AT_END
475.99999999999994,475.99999999999994,,,,PENDING_AT_END
476.34999999999997,476.34999999999997,,,,PENDING_AT_END
476.7,476.7,,,,PENDING_AT_END
477.04999999999995,477.04999999999995,,,,PENDING_AT_END
477.4,477.4,,,,PENDING_AT_END
477.74999999999994,477.74999999999994,,,,PENDING_AT_END
478.09999999999997,478.09999999999997,,,,PENDING_AT_END
478.45,478.45,,,,PENDING_AT_END
478.79999999999995,478.79999999999995,,,,PENDING_AT_END
479.15,479.15,,,,PENDING_AT_END
479.49999999999994,479.49999999999994,,,,PENDING_AT_END
479.84999999999997,479.84999999999997,,,,PENDING_AT_END
480.2,480.2,,,,PENDING_AT_END
480.54999999999995,480.54999999999995,,,,PENDING_AT_END
480.9,480.9,,,,PENDING_AT_END
481.24999999999994,481.24999999999994,,,,PENDING_AT_END
481.59999999999997,481.59999999999997,,,,PENDING_AT_END
481.95,481.95,,,,PENDING_AT_END
482.29999999999995,482.29999999999995,,,,PENDING_AT_END
482.65,482.65,,,,PENDING_AT_END
482.99999999999994,482.99999999999994,,,,PENDING_AT_END
483.34999999999997,483.34999999999997,,,,PENDING_AT_END
483.7,483.7,,,,PENDING_AT_END
484.04999999999995,484.04999999999995,,,,PENDING_AT_END
484.4,484.4,,,,PENDING_AT_END
484.74999999999994,484.74999999999994,,,,PENDING_AT_END
485.09999999999997,485.09999999999997,,,,PENDING_AT_END
485.45,485.45,,,,PENDING_AT_END
485.79999999999995,485.79999999999995,,,,PENDING_AT_END
486.15,486.15,,,,PENDING_AT_END
486.49999999999994,486.49999999999994,,,,PENDING_AT_END
486.84999999999997,486.84999999999997,,,,PENDING_AT_END
487.2,487.2,,,,PENDING_AT_END
487.54999999999995,487.54999999999995,,,,PENDING_AT_END
487.9,487.9,,,,PENDING_AT_END
488.24999999999994,488.24999999999994,,,,PENDING_AT_END
488.59999999999997,488.59999999999997,,,,PENDING_AT_END
488.95,488.95,,,,PENDING_AT_END
489.29999999999995,489.29999999999995,,,,PENDING_AT_END
489.65,489.65,,,,PENDING_AT_END
489.99999999999994,489.99999999999994,,,,PENDING_AT_END
490.34999999999997,490.34999999999997,,,,PENDING_AT_END
490.7,490.7,,,,PENDING_AT_END
491.04999999999995,491.04999999999995,,,,PENDING_AT_END
491.4,491.4,,,,PENDING_AT_END
491.74999999999994,491.74999999999994,,,,PENDING_AT_END
492.09999999999997,492.09999999999997,,,,PENDING_AT_END
492.45,492.45,,,,PENDING_AT_END
492.79999999999995,492.79999999999995,,,,PENDING_AT_END
493.15,493.15,,,,PENDING_AT_END
493.49999999999994,493.49999999999994,,,,PENDING_AT_END
493.84999999999997,493.84999999999997,,,,PENDING_AT_END
494.2,494.2,,,,PENDING_AT_END
494.54999999999995,494.54999999999995,,,,PENDING_AT_END
494.9,494.9,,,,PENDING_AT_END
495.24999999999994,495.24999999999994,,,,PENDING_AT_END
495.59999999999997,495.59999999999997,,,,PENDING_AT_END
495.95,495.95,,,,PENDING_AT_END
496.29999999999995,496.29999999999995,,,,PENDING_AT_END
496.65,496.65,,,,PENDING_AT_END
496.99999999999994,496.99999999999994,,,,PENDING_AT_END
497.34999999999997,497.34999999999997,,,,PENDING_AT_END
497.7,497.7,,,,PENDING_AT_END
498.04999999999995,498.04999999999995,,,,PENDING_AT_END
498.4,498.4,,,,PENDING_AT_END
498.74999999999994,498.74999999999994,,,,PENDING_AT_END
499.09999999999997,499.09999999999997,,,,PENDING_AT_END
499.45,499.45,,,,PENDING_AT_END
499.79999999999995,499.79999999999995,,,,PENDING_AT_END
500.15,500.15,,,,PENDING_AT_END
500.49999999999994,500.49999999999994,,,,PENDING_AT_END
500.84999999999997,500.84999999999997,,,,PENDING_AT_END
501.2,501.2,,,,PENDING_AT_END
501.54999999999995,501.54999999999995,,,,PENDING_AT_END
501.9,501.9,,,,PENDING_AT_END
502.24999999999994,502.24999999999994,,,,PENDING_AT_END
502.59999999999997,502.59999999999997,,,,PENDING_AT_END
502.95,502.95,,,,PENDING_AT_END
503.29999999999995,503.29999999999995,,,,PENDING_AT_END
503.65,503.65,,,,PENDING_AT_END
503.99999999999994,503.99999999999994,,,,PENDING_AT_END
504.34999999999997,504.34999999999997,,,,PENDING_AT_END
504.7,504.7,,,,PENDING_AT_END
505.04999999999995,505.04999999999995,,,,PENDING_AT_END
505.4,505.4,,,,PENDING_AT_END
505.74999999999994,505.74999999999994,,,,PENDING_AT_END
506.09999999999997,506.09999999999997,,,,PENDING_AT_END
506.45,506.45,,,,PENDING_AT_END
506.79999999999995,506.79999999999995,,,,PENDING_AT_END
507.15,507.15,,,,PENDING_AT_END
507.49999999999994,507.49999999999994,,,,PENDING_AT_END
507.84999999999997,507.84999999999997,,,,PENDING_AT_END
508.2,508.2,,,,PENDING_AT_END
508.54999999999995,508.54999999999995,,,,PENDING_AT_END
508.9,508.9,,,,PENDING_AT_END
509.24999999999994,509.24999999999994,,,,PENDING_AT_END
509.59999999999997,509.59999999999997,,,,PENDING_AT_END
509.95,509.95,,,,PENDING_AT_END
510.29999999999995,510.29999999999995,,,,PENDING_AT_END
510.65,510.65,,,,PENDING_AT_END
510.99999999999994,510.99999999999994,,,,PENDING_AT_END
511.34999999999997,511.34999999999997,,,,PENDING_AT_END
511.7,511.7,,,,PENDING_AT_END
512.05,512.05,,,,PENDING_AT_END
512.4,512.4,,,,PENDING_AT_END
512.75,512.75,,,,PENDING_AT_END
513.1,513.1,,,,PENDING_AT_END
513.4499999999999,513.4499999999999,,,,PENDING_AT_END
513.8,513.8,,,,PENDING_AT_END
514.15,514.15,,,,PENDING_AT_END
514.5,514.5,,,,PENDING_AT_END
514.85,514.85,,,,PENDING_AT_END
515.1999999999999,515.1999999999999,,,,PENDING_AT_END
515.55,515.55,,,,PENDING_AT_END
515.9,515.9,,,,PENDING_AT_END
516.25,516.25,,,,PENDING_AT_END
516.6,516.6,,,,PENDING_AT_END
516.9499999999999,516.9499999999999,,,,PENDING_AT_END
517.3,517.3,,,,PENDING_AT_END
517.65,517.65,,,,PENDING_AT_END
518.0,518.0,,,,PENDING_AT_END
518.35,518.35,,,,PENDING_AT_END
518.6999999999999,518.6999999999999,,,,PENDING_AT_END
519.05,519.05,,,,PENDING_AT_END
519.4,519.4,,,,PENDING_AT_END
519.75,519.75,,,,PENDING_AT_END
520.1,520.1,,,,PENDING_AT_END
520.4499999999999,520.4499999999999,,,,PENDING_AT_END
520.8,520.8,,,,PENDING_AT_END
521.15,521.15,,,,PENDING_AT_END
521.5,521.5,,,,PENDING_AT_END
521.85,521.85,,,,PENDING_AT_END
522.1999999999999,522.1999999999999,,,,PENDING_AT_END
522.55,522.55,,,,PENDING_AT_END
522.9,522.9,,,,PENDING_AT_END
523.25,523.25,,,,PENDING_AT_END
523.6,523.6,,,,PENDING_AT_END
523.9499999999999,523.9499999999999,,,,PENDING_AT_END
524.3,524.3,,,,PENDING_AT_END
524.65,524.65,,,,PENDING_AT_END
525.0,525.0,,,,PENDING_AT_END
525.35,525.35,,,,PENDING_AT_END
525.6999999999999,525.6999999999999,,,,PENDING_AT_END
526.05,526.05,,,,PENDING_AT_END
526.4,526.4,,,,PENDING_AT_END
526.75,526.75,,,,PENDING_AT_END
527.1,527.1,,,,PENDING_AT_END
527.4499999999999,527.4499999999999,,,,PENDING_AT_END
527.8,527.8,,,,PENDING_AT_END
528.15,528.15,,,,PENDING_AT_END
528.5,528.5,,,,PENDING_AT_END
528.85,528.85,,,,PENDING_AT_END
529.1999999999999,529.1999999999999,,,,PENDING_AT_END
529.55,529.55,,,,PENDING_AT_END
529.9,529.9,,,,PENDING_AT_END
530.25,530.25,,,,PENDING_AT_END
530.6,530.6,,,,PENDING_AT_END
530.9499999999999,530.9499999999999,,,,PENDING_AT_END
531.3,531.3,,,,PENDING_AT_END
531.65,531.65,,,,PENDING_AT_END
532.0,532.0,,,,PENDING_AT_END
532.35,532.35,,,,PENDING_AT_END
532.6999999999999,532.6999999999999,,,,PENDING_AT_END
533.05,533.05,,,,PENDING_AT_END
533.4,533.4,,,,PENDING_AT_END
533.75,533.75,,,,PENDING_AT_END
534.1,534.1,,,,PENDING_AT_END
534.4499999999999,534.4499999999999,,,,PENDING_AT_END
534.8,534.8,,,,PENDING_AT_END
535.15,535.15,,,,PENDING_AT_END
535.5,535.5,,,,PENDING_AT_END
535.85,535.85,,,,PENDING_AT_END
536.1999999999999,536.1999999999999,,,,PENDING_AT_END
536.55,536.55,,,,PENDING_AT_END
536.9,536.9,,,,PENDING_AT_END
537.25,537.25,,,,PENDING_AT_END
537.5999999999999,537.5999999999999,,,,PENDING_AT_END
537.9499999999999,537.9499999999999,,,,PENDING_AT_END
538.3,538.3,,,,PENDING_AT_END
538.65,538.65,,,,PENDING_AT_END
539.0,539.0,,,,PENDING_AT_END
539.3499999999999,539.3499999999999,,,,PENDING_AT_END
539.6999999999999,539.6999999999999,,,,PENDING_AT_END
540.05,540.05,,,,PENDING_AT_END
540.4,540.4,,,,PENDING_AT_END
540.75,540.75,,,,PENDING_AT_END
541.0999999999999,541.0999999999999,,,,PENDING_AT_END
541.4499999999999,541.4499999999999,,,,PENDING_AT_END
541.8,541.8,,,,PENDING_AT_END
542.15,542.15,,,,PENDING_AT_END
542.5,542.5,,,,PENDING_AT_END
542.8499999999999,542.8499999999999,,,,PENDING_AT_END
543.1999999999999,543.1999999999999,,,,PENDING_AT_END
543.55,543.55,,,,PENDING_AT_END
543.9,543.9,,,,PENDING_AT_END
544.25,544.25,,,,PENDING_AT_END
544.5999999999999,544.5999999999999,,,,PENDING_AT_END
544.9499999999999,544.9499999999999,,,,PENDING_AT_END
545.3,545.3,,,,PENDING_AT_END
545.65,545.65,,,,PENDING_AT_END
546.0,546.0,,,,PENDING_AT_END
546.3499999999999,546.3499999999999,,,,PENDING_AT_END
546.6999999999999,546.6999999999999,,,,PENDING_AT_END
547.05,547.05,,,,PENDING_AT_END
547.4,547.4,,,,PENDING_AT_END
547.75,547.75,,,,PENDING_AT_END
548.0999999999999,548.0999999999999,,,,PENDING_AT_END
548.4499999999999,548.4499999999999,,,,PENDING_AT_END
548.8,548.8,,,,PENDING_AT_END
549.15,549.15,,,,PENDING_AT_END
549.5,549.5,,,,PENDING_AT_END
549.8499999999999,549.8499999999999,,,,PENDING_AT_END
550.1999999999999,550.1999999999999,,,,PENDING_AT_END
550.55,550.55,,,,PENDING_AT_END
550.9,550.9,,,,PENDING_AT_END
551.25,551.25,,,,PENDING_AT_END
551.5999999999999,551.5999999999999,,,,PENDING_AT_END
551.9499999999999,551.9499999999999,,,,PENDING_AT_END
552.3,552.3,,,,PENDING_AT_END
552.65,552.65,,,,PENDING_AT_END
553.0,553.0,,,,PENDING_AT_END
553.3499999999999,553.3499999999999,,,,PENDING_AT_END
553.6999999999999,553.6999999999999,,,,PENDING_AT_END
554.05,554.05,,,,PENDING_AT_END
554.4,554.4,,,,PENDING_AT_END
554.75,554.75,,,,PENDING_AT_END
555.0999999999999,555.0999999999999,,,,PENDING_AT_END
555.4499999999999,555.4499999999999,,,,PENDING_AT_END
555.8,555.8,,,,PENDING_AT_END
556.15,556.15,,,,PENDING_AT_END
556.5,556.5,,,,PENDING_AT_END
556.8499999999999,556.8499999999999,,,,PENDING_AT_END
557.1999999999999,557.1999999999999,,,,PENDING_AT_END
557.55,557.55,,,,PENDING_AT_END
557.9,557.9,,,,PENDING_AT_END
558.25,558.25,,,,PENDING_AT_END
558.5999999999999,558.5999999999999,,,,PENDING_AT_END
558.9499999999999,558.9499999999999,,,,PENDING_AT_END
559.3,559.3,,,,PENDING_AT_END
559.65,559.65,,,,PENDING_AT_END
560.0,560.0,,,,PENDING_AT_END
560.3499999999999,560.3499999999999,,,,PENDING_AT_END
560.6999999999999,560.6999999999999,,,,PENDING_AT_END
561.05,561.05,,,,PENDING_AT_END
561.4,561.4,,,,PENDING_AT_END
561.75,561.75,,,,PENDING_AT_END
562.0999999999999,562.0999999999999,,,,PENDING_AT_END
562.4499999999999,562.4499999999999,,,,PENDING_AT_END
562.8,562.8,,,,PENDING_AT_END
563.15,563.15,,,,PENDING_AT_END
563.5,563.5,,,,PENDING_AT_END
563.8499999999999,563.8499999999999,,,,PENDING_AT_END
564.1999999999999,564.1999999999999,,,,PENDING_AT_END
564.55,564.55,,,,PENDING_AT_END
564.9,564.9,,,,PENDING_AT_END
565.25,565.25,,,,PENDING_AT_END
565.5999999999999,565.5999999999999,,,,PENDING_AT_END
565.9499999999999,565.9499999999999,,,,PENDING_AT_END
566.3,566.3,,,,PENDING_AT_END
566.65,566.65,,,,PENDING_AT_END
567.0,567.0,,,,PENDING_AT_END
567.3499999999999,567.3499999999999,,,,PENDING_AT_END
567.6999999999999,567.6999999999999,,,,PENDING_AT_END
568.05,568.05,,,,PENDING_AT_END
568.4,568.4,,,,PENDING_AT_END
568.75,568.75,,,,PENDING_AT_END
569.0999999999999,569.0999999999999,,,,PENDING_AT_END
569.4499999999999,569.4499999999999,,,,PENDING_AT_END
569.8,569.8,,,,PENDING_AT_END
570.15,570.15,,,,PENDING_AT_END
570.5,570.5,,,,PENDING_AT_END
570.8499999999999,570.8499999999999,,,,PENDING_AT_END
571.1999999999999,571.1999999999999,,,,PENDING_AT_END
571.55,571.55,,,,PENDING_AT_END
571.9,571.9,,,,PENDING_AT_END
572.25,572.25,,,,PENDING_AT_END
572.5999999999999,572.5999999999999,,,,PENDING_AT_END
572.9499999999999,572.9499999999999,,,,PENDING_AT_END
573.3,573.3,,,,PENDING_AT_END
573.65,573.65,,,,PENDING_AT_END
574.0,574.0,,,,PENDING_AT_END
574.3499999999999,574.3499999999999,,,,PENDING_AT_END
574.6999999999999,574.6999999999999,,,,PENDING_AT_END
575.05,575.05,,,,PENDING_AT_END
575.4,575.4,,,,PENDING_AT_END
575.75,575.75,,,,PENDING_AT_END
576.0999999999999,576.0999999999999,,,,PENDING_AT_END
576.4499999999999,576.4499999999999,,,,PENDING_AT_END
576.8,576.8,,,,PENDING_AT_END
577.15,577.15,,,,PENDING_AT_END
577.5,577.5,,,,PENDING_AT_END
577.8499999999999,577.8499999999999,,,,PENDING_AT_END
578.1999999999999,578.1999999999999,,,,PENDING_AT_END
578.55,578.55,,,,PENDING_AT_END
578.9,578.9,,,,PENDING_AT_END
579.25,579.25,,,,PENDING_AT_END
579.5999999999999,579.5999999999999,,,,PENDING_AT_END
579.9499999999999,579.9499999999999,,,,PENDING_AT_END
580.3,580.3,,,,PENDING_AT_END
580.65,580.65,,,,PENDING_AT_END
581.0,581.0,,,,PENDING_AT_END
581.3499999999999,581.3499999999999,,,,PENDING_AT_END
581.6999999999999,581.6999999999999,,,,PENDING_AT_END
582.05,582.05,,,,PENDING_AT_END
582.4,582.4,,,,PENDING_AT_END
582.75,582.75,,,,PENDING_AT_END
583.0999999999999,583.0999999999999,,,,PENDING_AT_END
583.4499999999999,583.4499999999999,,,,PENDING_AT_END
583.8,583.8,,,,PENDING_AT_END
584.15,584.15,,,,PENDING_AT_END
584.5,584.5,,,,PENDING_AT_END
584.8499999999999,584.8499999999999,,,,PENDING_AT_END
585.1999999999999,585.1999999999999,,,,PENDING_AT_END
585.55,585.55,,,,PENDING_AT_END
585.9,585.9,,,,PENDING_AT_END
586.25,586.25,,,,PENDING_AT_END
586.5999999999999,586.5999999999999,,,,PENDING_AT_END
586.9499999999999,586.9499999999999,,,,PENDING_AT_END
587.3,587.3,,,,PENDING_AT_END
587.65,587.65,,,,PENDING_AT_END
588.0,588.0,,,,PENDING_AT_END
588.3499999999999,588.3499999999999,,,,PENDING_AT_END
588.6999999999999,588.6999999999999,,,,PENDING_AT_END
589.05,589.05,,,,PENDING_AT_END
589.4,589.4,,,,PENDING_AT_END
589.75,589.75,,,,PENDING_AT_END
590.0999999999999,590.0999999999999,,,,PENDING_AT_END
590.4499999999999,590.4499999999999,,,,PENDING_AT_END
590.8,590.8,,,,PENDING_AT_END
591.15,591.15,,,,PENDING_AT_END
591.5,591.5,,,,PENDING_AT_END
591.8499999999999,591.8499999999999,,,,PENDING_AT_END
592.1999999999999,592.1999999999999,,,,PENDING_AT_END
592.55,592.55,,,,PENDING_AT_END
592.9,592.9,,,,PENDING_AT_END
593.25,593.25,,,,PENDING_AT_END
593.5999999999999,593.5999999999999,,,,PENDING_AT_END
593.9499999999999,593.9499999999999,,,,PENDING_AT_END
594.3,594.3,,,,PENDING_AT_END
594.65,594.65,,,,PENDING_AT_END
595.0,595.0,,,,PENDING_AT_END
595.3499999999999,595.3499999999999,,,,PENDING_AT_END
595.6999999999999,595.6999999999999,,,,PENDING_AT_END
596.05,596.05,,,,PENDING_AT_END
596.4,596.4,,,,PENDING_AT_END
596.75,596.75,,,,PENDING_AT_END
597.0999999999999,597.0999999999999,,,,PENDING_AT_END
597.4499999999999,597.4499999999999,,,,PENDING_AT_END
597.8,597.8,,,,PENDING_AT_END
598.15,598.15,,,,PENDING_AT_END
598.5,598.5,,,,PENDING_AT_END
598.8499999999999,598.8499999999999,,,,PENDING_AT_END
599.1999999999999,599.1999999999999,,,,PENDING_AT_END
599.55,599.55,,,,PENDING_AT_END
599.9,599.9,,,,PENDING_AT_END
600.25,600.25,,,,PENDING_AT_END
600.5999999999999,600.5999999999999,,,,PENDING_AT_END
600.9499999999999,600.9499999999999,,,,PENDING_AT_END
601.3,601.3,,,,PENDING_AT_END
601.65,601.65,,,,PENDING_AT_END
602.0,602.0,,,,PENDING_AT_END
602.3499999999999,602.3499999999999,,,,PENDING_AT_END
602.6999999999999,602.6999999999999,,,,PENDING_AT_END
603.05,603.05,,,,PENDING_AT_END
603.4,603.4,,,,PENDING_AT_END
603.75,603.75,,,,PENDING_AT_END
604.0999999999999,604.0999999999999,,,,PENDING_AT_END
604.4499999999999,604.4499999999999,,,,PENDING_AT_END
604.8,604.8,,,,PENDING_AT_END
605.15,605.15,,,,PENDING_AT_END
605.5,605.5,,,,PENDING_AT_END
605.8499999999999,605.8499999999999,,,,PENDING_AT_END
606.1999999999999,606.1999999999999,,,,PENDING_AT_END
606.55,606.55,,,,PENDING_AT_END
606.9,606.9,,,,PENDING_AT_END
607.25,607.25,,,,PENDING_AT_END
607.5999999999999,607.5999999999999,,,,PENDING_AT_END
607.9499999999999,607.9499999999999,,,,PENDING_AT_END
608.3,608.3,,,,PENDING_AT_END
608.65,608.65,,,,PENDING_AT_END
609.0,609.0,,,,PENDING_AT_END
609.3499999999999,609.3499999999999,,,,PENDING_AT_END
609.6999999999999,609.6999999999999,,,,PENDING_AT_END
610.05,610.05,,,,PENDING_AT_END
610.4,610.4,,,,PENDING_AT_END
610.75,610.75,,,,PENDING_AT_END
611.0999999999999,611.0999999999999,,,,PENDING_AT_END
611.4499999999999,611.4499999999999,,,,PENDING_AT_END
611.8,611.8,,,,PENDING_AT_END
612.15,612.15,,,,PENDING_AT_END
612.5,612.5,,,,PENDING_AT_END
612.8499999999999,612.8499999999999,,,,PENDING_AT_END
613.1999999999999,613.1999999999999,,,,PENDING_AT_END
613.55,613.55,,,,PENDING_AT_END
613.9,613.9,,,,PENDING_AT_END
614.25,614.25,,,,PENDING_AT_END
614.5999999999999,614.5999999999999,,,,PENDING_AT_END
614.9499999999999,614.9499999999999,,,,PENDING_AT_END
615.3,615.3,,,,PENDING_AT_END
615.65,615.65,,,,PENDING_AT_END
616.0,616.0,,,,PENDING_AT_END
616.3499999999999,616.3499999999999,,,,PENDING_AT_END
616.6999999999999,616.6999999999999,,,,PENDING_AT_END
617.05,617.05,,,,PENDING_AT_END
617.4,617.4,,,,PENDING_AT_END
617.75,617.75,,,,PENDING_AT_END
618.0999999999999,618.0999999999999,,,,PENDING_AT_END
618.4499999999999,618.4499999999999,,,,PENDING_AT_END
618.8,618.8,,,,PENDING_AT_END
619.15,619.15,,,,PENDING_AT_END
619.5,619.5,,,,PENDING_AT_END
619.8499999999999,619.8499999999999,,,,PENDING_AT_END
620.1999999999999,620.1999999999999,,,,PENDING_AT_END
620.55,620.55,,,,PENDING_AT_END
620.9,620.9,,,,PENDING_AT_END
621.25,621.25,,,,PENDING_AT_END
621.5999999999999,621.5999999999999,,,,PENDING_AT_END
621.9499999999999,621.9499999999999,,,,PENDING_AT_END
622.3,622.3,,,,PENDING_AT_END
622.65,622.65,,,,PENDING_AT_END
623.0,623.0,,,,PENDING_AT_END
623.3499999999999,623.3499999999999,,,,PENDING_AT_END
623.6999999999999,623.6999999999999,,,,PENDING_AT_END
624.05,624.05,,,,PENDING_AT_END
624.4,624.4,,,,PENDING_AT_END
624.75,624.75,,,,PENDING_AT_END
625.0999999999999,625.0999999999999,,,,PENDING_AT_END
625.4499999999999,625.4499999999999,,,,PENDING_AT_END
625.8,625.8,,,,PENDING_AT_END
626.15,626.15,,,,PENDING_AT_END
626.5,626.5,,,,PENDING_AT_END
626.8499999999999,626.8499999999999,,,,PENDING_AT_END
627.1999999999999,627.1999999999999,,,,PENDING_AT_END
627.55,627.55,,,,PENDING_AT_END
627.9,627.9,,,,PENDING_AT_END
628.25,628.25,,,,PENDING_AT_END
628.5999999999999,628.5999999999999,,,,PENDING_AT_END
628.9499999999999,628.9499999999999,,,,PENDING_AT_END
629.3,629.3,,,,PENDING_AT_END
629.65,629.65,,,,PENDING_AT_END
630.0,630.0,,,,PENDING_AT_END
630.3499999999999,630.3499999999999,,,,PENDING_AT_END
630.6999999999999,630.6999999999999,,,,PENDING_AT_END
631.05,631.05,,,,PENDING_AT_END
631.4,631.4,,,,PENDING_AT_END
631.75,631.75,,,,PENDING_AT_END
632.0999999999999,632.0999999999999,,,,PENDING_AT_END
632.4499999999999,632.4499999999999,,,,PENDING_AT_END
632.8,632.8,,,,PENDING_AT_END
633.15,633.15,,,,PENDING_AT_END
633.5,633.5,,,,PENDING_AT_END
633.8499999999999,633.8499999999999,,,,PENDING_AT_END
634.1999999999999,634.1999999999999,,,,PENDING_AT_END
634.55,634.55,,,,PENDING_AT_END
634.9,634.9,,,,PENDING_AT_END
635.25,635.25,,,,PENDING_AT_END
635.5999999999999,635.5999999999999,,,,PENDING_AT_END
635.9499999999999,635.9499999999999,,,,PENDING_AT_END
636.3,636.3,,,,PENDING_AT_END
636.65,636.65,,,,PENDING_AT_END
637.0,637.0,,,,PENDING_AT_END
637.3499999999999,637.3499999999999,,,,PENDING_AT_END
637.6999999999999,637.6999999999999,,,,PENDING_AT_END
638.05,638.05,,,,PENDING_AT_END
638.4,638.4,,,,PENDING_AT_END
638.75,638.75,,,,PENDING_AT_END
639.0999999999999,639.0999999999999,,,,PENDING_AT_END
639.4499999999999,639.4499999999999,,,,PENDING_AT_END
639.8,639.8,,,,PENDING_AT_END
640.15,640.15,,,,PENDING_AT_END
640.5,640.5,,,,PENDING_AT_END
640.8499999999999,640.8499999999999,,,,PENDING_AT_END
641.1999999999999,641.1999999999999,,,,PENDING_AT_END
641.55,641.55,,,,PENDING_AT_END
641.9,641.9,,,,PENDING_AT_END
642.25,642.25,,,,PENDING_AT_END
642.5999999999999,642.5999999999999,,,,PENDING_AT_END
642.9499999999999,642.9499999999999,,,,PENDING_AT_END
643.3,643.3,,,,PENDING_AT_END
643.65,643.65,,,,PENDING_AT_END
644.0,644.0,,,,PENDING_AT_END
644.3499999999999,644.3499999999999,,,,PENDING_AT_END
644.6999999999999,644.6999999999999,,,,PENDING_AT_END
645.05,645.05,,,,PENDING_AT_END
645.4,645.4,,,,PENDING_AT_END
645.75,645.75,,,,PENDING_AT_END
646.0999999999999,646.0999999999999,,,,PENDING_AT_END
646.4499999999999,646.4499999999999,,,,PENDING_AT_END
646.8,646.8,,,,PENDING_AT_END
647.15,647.15,,,,PENDING_AT_END
647.5,647.5,,,,PENDING_AT_END
647.8499999999999,647.8499999999999,,,,PENDING_AT_END
648.1999999999999,648.1999999999999,,,,PENDING_AT_END
648.55,648.55,,,,PENDING_AT_END
648.9,648.9,,,,PENDING_AT_END
649.25,649.25,,,,PENDING_AT_END
649.5999999999999,649.5999999999999,,,,PENDING_AT_END
649.9499999999999,649.9499999999999,,,,PENDING_AT_END
650.3,650.3,,,,PENDING_AT_END
650.65,650.65,,,,PENDING_AT_END
651.0,651.0,,,,PENDING_AT_END
651.3499999999999,651.3499999999999,,,,PENDING_AT_END
651.6999999999999,651.6999999999999,,,,PENDING_AT_END
652.05,652.05,,,,PENDING_AT_END
652.4,652.4,,,,PENDING_AT_END
652.75,652.75,,,,PENDING_AT_END
653.0999999999999,653.0999999999999,,,,PENDING_AT_END
653.4499999999999,653.4499999999999,,,,PENDING_AT_END
653.8,653.8,,,,PENDING_AT_END
654.15,654.15,,,,PENDING_AT_END
654.5,654.5,,,,PENDING_AT_END
654.8499999999999,654.8499999999999,,,,PENDING_AT_END
655.1999999999999,655.1999999999999,,,,PENDING_AT_END
655.55,655.55,,,,PENDING_AT_END
655.9,655.9,,,,PENDING_AT_END
656.25,656.25,,,,PENDING_AT_END
656.5999999999999,656.5999999999999,,,,PENDING_AT_END
656.9499999999999,656.9499999999999,,,,PENDING_AT_END
657.3,657.3,,,,PENDING_AT_END
657.65,657.65,,,,PENDING_AT_END
658.0,658.0,,,,PENDING_AT_END
658.3499999999999,658.3499999999999,,,,PENDING_AT_END
658.6999999999999,658.6999999999999,,,,PENDING_AT_END
659.05,659.05,,,,PENDING_AT_END
659.4,659.4,,,,PENDING_AT_END
659.75,659.75,,,,PENDING_AT_END
660.0999999999999,660.0999999999999,,,,PENDING_AT_END
660.4499999999999,660.4499999999999,,,,PENDING_AT_END
660.8,660.8,,,,PENDING_AT_END
661.15,661.15,,,,PENDING_AT_END
661.5,661.5,,,,PENDING_AT_END
661.8499999999999,661.8499999999999,,,,PENDING_AT_END
662.1999999999999,662.1999999999999,,,,PENDING_AT_END
662.55,662.55,,,,PENDING_AT_END
662.9,662.9,,,,PENDING_AT_END
663.25,663.25,,,,PENDING_AT_END
663.5999999999999,663.5999999999999,,,,PENDING_AT_END
663.9499999999999,663.9499999999999,,,,PENDING_AT_END
664.3,664.3,,,,PENDING_AT_END
664.65,664.65,,,,PENDING_AT_END
665.0,665.0,,,,PENDING_AT_END
665.3499999999999,665.3499999999999,,,,PENDING_AT_END
665.6999999999999,665.6999999999999,,,,PENDING_AT_END
666.05,666.05,,,,PENDING_AT_END
666.4,666.4,,,,PENDING_AT_END
666.75,666.75,,,,PENDING_AT_END
667.0999999999999,667.0999999999999,,,,PENDING_AT_END
667.4499999999999,667.4499999999999,,,,PENDING_AT_END
667.8,667.8,,,,PENDING_AT_END
668.15,668.15,,,,PENDING_AT_END
668.5,668.5,,,,PENDING_AT_END
668.8499999999999,668.8499999999999,,,,PENDING_AT_END
669.1999999999999,669.1999999999999,,,,PENDING_AT_END
669.55,669.55,,,,PENDING_AT_END
669.9,669.9,,,,PENDING_AT_END
670.25,670.25,,,,PENDING_AT_END
670.5999999999999,670.5999999999999,,,,PENDING_AT_END
670.9499999999999,670.9499999999999,,,,PENDING_AT_END
671.3,671.3,,,,PENDING_AT_END
671.65,671.65,,,,PENDING_AT_END
672.0,672.0,,,,PENDING_AT_END
672.3499999999999,672.3499999999999,,,,PENDING_AT_END
672.6999999999999,672.6999999999999,,,,PENDING_AT_END
673.05,673.05,,,,PENDING_AT_END
673.4,673.4,,,,PENDING_AT_END
673.75,673.75,,,,PENDING_AT_END
674.0999999999999,674.0999999999999,,,,PENDING_AT_END
674.4499999999999,674.4499999999999,,,,PENDING_AT_END
674.8,674.8,,,,PENDING_AT_END
675.15,675.15,,,,PENDING_AT_END
675.5,675.5,,,,PENDING_AT_END
675.8499999999999,675.8499999999999,,,,PENDING_AT_END
676.1999999999999,676.1999999999999,,,,PENDING_AT_END
676.55,676.55,,,,PENDING_AT_END
676.9,676.9,,,,PENDING_AT_END
677.25,677.25,,,,PENDING_AT_END
677.5999999999999,677.5999999999999,,,,PENDING_AT_END
677.9499999999999,677.9499999999999,,,,PENDING_AT_END
678.3,678.3,,,,PENDING_AT_END
678.65,678.65,,,,PENDING_AT_END
679.0,679.0,,,,PENDING_AT_END
679.3499999999999,679.3499999999999,,,,PENDING_AT_END
679.6999999999999,679.6999999999999,,,,PENDING_AT_END
680.05,680.05,,,,PENDING_AT_END
680.4,680.4,,,,PENDING_AT_END
680.75,680.75,,,,PENDING_AT_END
681.0999999999999,681.0999999999999,,,,PENDING_AT_END
681.4499999999999,681.4499999999999,,,,PENDING_AT_END
681.8,681.8,,,,PENDING_AT_END
682.15,682.15,,,,PENDING_AT_END
682.5,682.5,,,,PENDING_AT_END
682.8499999999999,682.8499999999999,,,,PENDING_AT_END
683.1999999999999,683.1999999999999,,,,PENDING_AT_END
683.55,683.55,,,,PENDING_AT_END
683.9,683.9,,,,PENDING_AT_END
684.25,684.25,,,,PENDING_AT_END
684.5999999999999,684.5999999999999,,,,PENDING_AT_END
684.9499999999999,684.9499999999999,,,,PENDING_AT_END
685.3,685.3,,,,PENDING_AT_END
685.65,685.65,,,,PENDING_AT_END
686.0,686.0,,,,PENDING_AT_END
686.3499999999999,686.3499999999999,,,,PENDING_AT_END
686.6999999999999,686.6999999999999,,,,PENDING_AT_END
687.05,687.05,,,,PENDING_AT_END
687.4,687.4,,,,PENDING_AT_END
687.75,687.75,,,,PENDING_AT_END
688.0999999999999,688.0999999999999,,,,PENDING_AT_END
688.4499999999999,688.4499999999999,,,,PENDING_AT_END
688.8,688.8,,,,PENDING_AT_END
689.15,689.15,,,,PENDING_AT_END
689.5,689.5,,,,PENDING_AT_END
689.8499999999999,689.8499999999999,,,,PENDING_AT_END
690.1999999999999,690.1999999999999,,,,PENDING_AT_END
690.55,690.55,,,,PENDING_AT_END
690.9,690.9,,,,PENDING_AT_END
691.25,691.25,,,,PENDING_AT_END
691.5999999999999,691.5999999999999,,,,PENDING_AT_END
691.9499999999999,691.9499999999999,,,,PENDING_AT_END
692.3,692.3,,,,PENDING_AT_END
692.65,692.65,,,,PENDING_AT_END
693.0,693.0,,,,PENDING_AT_END
693.3499999999999,693.3499999999999,,,,PENDING_AT_END
693.6999999999999,693.6999999999999,,,,PENDING_AT_END
694.05,694.05,,,,PENDING_AT_END
694.4,694.4,,,,PENDING_AT_END
694.75,694.75,,,,PENDING_AT_END
695.0999999999999,695.0999999999999,,,,PENDING_AT_END
695.4499999999999,695.4499999999999,,,,PENDING_AT_END
695.8,695.8,,,,PENDING_AT_END
696.15,696.15,,,,PENDING_AT_END
696.5,696.5,,,,PENDING_AT_END
696.8499999999999,696.8499999999999,,,,PENDING_AT_END
697.1999999999999,697.1999999999999,,,,PENDING_AT_END
697.55,697.55,,,,PENDING_AT_END
697.9,697.9,,,,PENDING_AT_END
698.25,698.25,,,,PENDING_AT_END
698.5999999999999,698.5999999999999,,,,PENDING_AT_END
698.9499999999999,698.9499999999999,,,,PENDING_AT_END
699.3,699.3,,,,PENDING_AT_END
699.65,699.65,,,,PENDING_AT_END
700.0,700.0,,,,PENDING_AT_END
700.3499999999999,700.3499999999999,,,,PENDING_AT_END
700.6999999999999,700.6999999999999,,,,PENDING_AT_END
701.05,701.05,,,,PENDING_AT_END
701.4,701.4,,,,PENDING_AT_END
701.75,701.75,,,,PENDING_AT_END
702.0999999999999,702.0999999999999,,,,PENDING_AT_END
702.4499999999999,702.4499999999999,,,,PENDING_AT_END
702.8,702.8,,,,PENDING_AT_END
703.15,703.15,,,,PENDING_AT_END
703.5,703.5,,,,PENDING_AT_END
703.8499999999999,703.8499999999999,,,,PENDING_AT_END
704.1999999999999,704.1999999999999,,,,PENDING_AT_END
704.55,704.55,,,,PENDING_AT_END
704.9,704.9,,,,PENDING_AT_END
705.25,705.25,,,,PENDING_AT_END
705.5999999999999,705.5999999999999,,,,PENDING_AT_END
705.9499999999999,705.9499999999999,,,,PENDING_AT_END
706.3,706.3,,,,PENDING_AT_END
706.65,706.65,,,,PENDING_AT_END
707.0,707.0,,,,PENDING_AT_END
707.3499999999999,707.3499999999999,,,,PENDING_AT_END
707.6999999999999,707.6999999999999,,,,PENDING_AT_END
708.05,708.05,,,,PENDING_AT_END
708.4,708.4,,,,PENDING_AT_END
708.75,708.75,,,,PENDING_AT_END
709.0999999999999,709.0999999999999,,,,PENDING_AT_END
709.4499999999999,709.4499999999999,,,,PENDING_AT_END
709.8,709.8,,,,PENDING_AT_END
710.15,710.15,,,,PENDING_AT_END
710.5,710.5,,,,PENDING_AT_END
710.8499999999999,710.8499999999999,,,,PENDING_AT_END
711.1999999999999,711.1999999999999,,,,PENDING_AT_END
711.55,711.55,,,,PENDING_AT_END
711.9,711.9,,,,PENDING_AT_END
712.25,712.25,,,,PENDING_AT_END
712.5999999999999,712.5999999999999,,,,PENDING_AT_END
712.9499999999999,712.9499999999999,,,,PENDING_AT_END
713.3,713.3,,,,PENDING_AT_END
713.65,713.65,,,,PENDING_AT_END
714.0,714.0,,,,PENDING_AT_END
714.3499999999999,714.3499999999999,,,,PENDING_AT_END
714.6999999999999,714.6999999999999,,,,PENDING_AT_END
715.05,715.05,,,,PENDING_AT_END
715.4,715.4,,,,PENDING_AT_END
715.75,715.75,,,,PENDING_AT_END
716.0999999999999,716.0999999999999,,,,PENDING_AT_END
716.4499999999999,716.4499999999999,,,,PENDING_AT_END
716.8,716.8,,,,PENDING_AT_END
717.15,717.15,,,,PENDING_AT_END
717.5,717.5,,,,PENDING_AT_END
717.8499999999999,717.8499999999999,,,,PENDING_AT_END
718.1999999999999,718.1999999999999,,,,PENDING_AT_END
718.55,718.55,,,,PENDING_AT_END
718.9,718.9,,,,PENDING_AT_END
719.25,719.25,,,,PENDING_AT_END
719.5999999999999,719.5999999999999,,,,PENDING_AT_END
719.9499999999999,719.9499999999999,,,,PENDING_AT_END
720.3,720.3,,,,PENDING_AT_END
720.65,720.65,,,,PENDING_AT_END
721.0,721.0,,,,PENDING_AT_END
721.3499999999999,721.3499999999999,,,,PENDING_AT_END
721.6999999999999,721.6999999999999,,,,PENDING_AT_END
722.05,722.05,,,,PENDING_AT_END
722.4,722.4,,,,PENDING_AT_END
722.75,722.75,,,,PENDING_AT_END
723.0999999999999,723.0999999999999,,,,PENDING_AT_END
723.4499999999999,723.4499999999999,,,,PENDING_AT_END
723.8,723.8,,,,PENDING_AT_END
724.15,724.15,,,,PENDING_AT_END
724.5,724.5,,,,PENDING_AT_END
724.8499999999999,724.8499999999999,,,,PENDING_AT_END
725.1999999999999,725.1999999999999,,,,PENDING_AT_END
725.55,725.55,,,,PENDING_AT_END
725.9,725.9,,,,PENDING_AT_END
726.25,726.25,,,,PENDING_AT_END
726.5999999999999,726.5999999999999,,,,PENDING_AT_END
726.9499999999999,726.9499999999999,,,,PENDING_AT_END
727.3,727.3,,,,PENDING_AT_END
727.65,727.65,,,,PENDING_AT_END
728.0,728.0,,,,PENDING_AT_END
728.3499999999999,728.3499999999999,,,,PENDING_AT_END
728.6999999999999,728.6999999999999,,,,PENDING_AT_END
729.05,729.05,,,,PENDING_AT_END
729.4,729.4,,,,PENDING_AT_END
729.75,729.75,,,,PENDING_AT_END
730.0999999999999,730.0999999999999,,,,PENDING_AT_END
730.4499999999999,730.4499999999999,,,,PENDING_AT_END
730.8,730.8,,,,PENDING_AT_END
731.15,731.15,,,,PENDING_AT_END
731.5,731.5,,,,PENDING_AT_END
731.8499999999999,731.8499999999999,,,,PENDING_AT_END
732.1999999999999,732.1999999999999,,,,PENDING_AT_END
732.55,732.55,,,,PENDING_AT_END
732.9,732.9,,,,PENDING_AT_END
733.25,733.25,,,,PENDING_AT_END
733.5999999999999,733.5999999999999,,,,PENDING_AT_END
733.9499999999999,733.9499999999999,,,,PENDING_AT_END
734.3,734.3,,,,PENDING_AT_END
734.65,734.65,,,,PENDING_AT_END
